# Amorphous solid water (H2O) ice -- complex refractive index m = n + i k
# Phase / temperature : amorphous H2O ice, T = 15 K (catalogue label: Form = Amorphous, Temp = 15)
# Citation : Mastrapa, R. M., Sandford, S. A., Roush, T. L., Cruikshank, D. P., & Dalle Ore, C. M. 2009,
# "Optical constants of amorphous and crystalline H2O-ice: 2.5-22 um (4000-455 cm-1)
# optical constants of H2O-ice", The Astrophysical Journal, 701, 1347-1356,
# doi:10.1088/0004-637X/701/2/1347, bibcode 2009ApJ...701.1347M
# Data source : CDS/VizieR catalogue J/ApJ/701/1347, file table8.dat (machine-readable Table 8)
# Source URL  : https://cdsarc.cds.unistra.fr/ftp/J/ApJ/701/1347/table8.dat.gz
# (ReadMe: https://cdsarc.cds.unistra.fr/ftp/J/ApJ/701/1347/ReadMe)
# Columns: wavelength_um  n  k   (subset 2.4-22.1 um of optical_constants/asw_nk.dat)
2.40004 1.22709 0.000587385
2.4006 1.22701 0.000588794
2.40116 1.22693 0.000589552
2.40171 1.22685 0.000590365
2.40227 1.22678 0.000591583
2.40283 1.2267 0.000592507
2.40338 1.22662 0.000593345
2.40394 1.22654 0.00059461
2.4045 1.22646 0.000595979
2.40506 1.22639 0.00059666
2.40562 1.22631 0.000597962
2.40617 1.22623 0.000598979
2.40673 1.22615 0.000599261
2.40729 1.22607 0.000600258
2.40785 1.22599 0.000601246
2.40841 1.22591 0.000602084
2.40897 1.22583 0.000603115
2.40953 1.22575 0.000603853
2.41009 1.22567 0.000605115
2.41065 1.22559 0.000605812
2.41121 1.22551 0.000607183
2.41177 1.22543 0.000608022
2.41234 1.22534 0.000608659
2.4129 1.22526 0.0006092
2.41346 1.22518 0.000610396
2.41402 1.2251 0.000611081
2.41458 1.22502 0.000611972
2.41515 1.22493 0.000613399
2.41571 1.22485 0.000614152
2.41627 1.22477 0.000614992
2.41684 1.22469 0.000615846
2.4174 1.2246 0.000616319
2.41796 1.22452 0.000617024
2.41853 1.22444 0.000617944
2.41909 1.22435 0.000619243
2.41966 1.22427 0.000619865
2.42022 1.22418 0.000620756
2.42079 1.2241 0.000622063
2.42135 1.22401 0.000622615
2.42192 1.22393 0.000623514
2.42249 1.22384 0.000624445
2.42305 1.22376 0.000625042
2.42362 1.22367 0.000625962
2.42419 1.22359 0.000626311
2.42475 1.2235 0.000627021
2.42532 1.22341 0.00062852
2.42589 1.22333 0.000629207
2.42646 1.22324 0.000629736
2.42702 1.22315 0.000630718
2.42759 1.22307 0.000631449
2.42816 1.22298 0.000631856
2.42873 1.22289 0.000632842
2.4293 1.2228 0.000633897
2.42987 1.22272 0.000634822
2.43044 1.22263 0.000635363
2.43101 1.22254 0.000636343
2.43158 1.22245 0.000637533
2.43215 1.22236 0.000638392
2.43272 1.22227 0.000638736
2.43329 1.22218 0.000639409
2.43387 1.22209 0.00064034
2.43444 1.222 0.000641004
2.43501 1.22191 0.000641283
2.43558 1.22182 0.00064183
2.43615 1.22173 0.000643083
2.43673 1.22164 0.00064394
2.4373 1.22155 0.000645002
2.43787 1.22146 0.000645409
2.43845 1.22137 0.000645884
2.43902 1.22127 0.000646501
2.4396 1.22118 0.000646919
2.44017 1.22109 0.000647783
2.44074 1.221 0.000649179
2.44132 1.2209 0.000650294
2.44189 1.22081 0.000650697
2.44247 1.22072 0.00065125
2.44305 1.22062 0.00065173
2.44362 1.22053 0.000652081
2.4442 1.22043 0.000652818
2.44477 1.22034 0.000654147
2.44535 1.22025 0.000655008
2.44593 1.22015 0.000655287
2.44651 1.22006 0.000656114
2.44708 1.21996 0.000656983
2.44766 1.21986 0.000657854
2.44824 1.21977 0.000658792
2.44882 1.21967 0.000658935
2.4494 1.21957 0.000660294
2.44998 1.21948 0.000660944
2.45056 1.21938 0.000661303
2.45114 1.21928 0.00066239
2.45172 1.21919 0.000663452
2.4523 1.21909 0.000663719
2.45288 1.21899 0.000664621
2.45346 1.21889 0.000665688
2.45404 1.21879 0.000666355
2.45462 1.21869 0.000667043
2.4552 1.21859 0.00066793
2.45578 1.21849 0.000668458
2.45637 1.21839 0.000669362
2.45695 1.21829 0.00067036
2.45753 1.21819 0.000671033
2.45811 1.21809 0.000671864
2.4587 1.21799 0.000672537
2.45928 1.21789 0.000673349
2.45986 1.21779 0.000674437
2.46045 1.21769 0.000675173
2.46103 1.21758 0.000675857
2.46162 1.21748 0.000676891
2.4622 1.21738 0.000677622
2.46279 1.21728 0.000678457
2.46337 1.21717 0.000679397
2.46396 1.21707 0.000680073
2.46454 1.21697 0.000680771
2.46513 1.21686 0.000681116
2.46572 1.21676 0.000682234
2.4663 1.21665 0.000682942
2.46689 1.21655 0.000683856
2.46748 1.21644 0.000684453
2.46807 1.21633 0.000685781
2.46865 1.21623 0.000686825
2.46924 1.21612 0.000687594
2.46983 1.21602 0.000688073
2.47042 1.21591 0.000689121
2.47101 1.2158 0.000690472
2.4716 1.21569 0.0006914
2.47219 1.21559 0.000692446
2.47278 1.21548 0.000693178
2.47337 1.21537 0.000693732
2.47396 1.21526 0.000694718
2.47455 1.21515 0.000696004
2.47514 1.21504 0.000696948
2.47573 1.21493 0.000698261
2.47632 1.21482 0.000698975
2.47691 1.21471 0.000699346
2.47751 1.2146 0.000700546
2.4781 1.21449 0.000701534
2.47869 1.21438 0.000702162
2.47928 1.21427 0.00070315
2.47988 1.21416 0.000704303
2.48047 1.21404 0.000705321
2.48107 1.21393 0.000706144
2.48166 1.21382 0.000707053
2.48225 1.21371 0.0007083
2.48285 1.21359 0.000708809
2.48344 1.21348 0.000708835
2.48404 1.21336 0.000709652
2.48464 1.21325 0.000710536
2.48523 1.21313 0.000711726
2.48583 1.21302 0.000712227
2.48642 1.2129 0.00071326
2.48702 1.21279 0.000713628
2.48762 1.21267 0.000714173
2.48821 1.21255 0.000714938
2.48881 1.21244 0.000715991
2.48941 1.21232 0.00071687
2.49001 1.2122 0.000717206
2.49061 1.21209 0.000717818
2.49121 1.21197 0.00071845
2.4918 1.21185 0.00071887
2.4924 1.21173 0.000718663
2.493 1.21161 0.000719536
2.4936 1.21149 0.000719887
2.4942 1.21137 0.000720437
2.4948 1.21125 0.000721223
2.4954 1.21113 0.000721416
2.49601 1.21101 0.000721093
2.49661 1.21089 0.000721243
2.49721 1.21076 0.000721328
2.49781 1.21064 0.000721451
2.49841 1.21052 0.000721921
2.49902 1.2104 0.000721907
2.49962 1.21027 0.000721538
2.50022 1.21015 0.00072184
2.50082 1.21002 0.000721539
2.50143 1.2099 0.000721508
2.50203 1.20977 0.000721823
2.50264 1.20965 0.000722336
2.50324 1.20952 0.000721585
2.50385 1.20939 0.000721395
2.50445 1.20927 0.000720829
2.50506 1.20914 0.000720449
2.50566 1.20901 0.000720814
2.50627 1.20888 0.000720496
2.50687 1.20876 0.000720023
2.50748 1.20863 0.000720043
2.50809 1.2085 0.000719482
2.5087 1.20837 0.00071924
2.5093 1.20824 0.000718474
2.50991 1.20811 0.000717734
2.51052 1.20797 0.000717252
2.51113 1.20784 0.000716982
2.51174 1.20771 0.000715999
2.51234 1.20758 0.000715524
2.51295 1.20744 0.000714836
2.51356 1.20731 0.000714307
2.51417 1.20718 0.00071388
2.51478 1.20704 0.000713609
2.51539 1.20691 0.000712327
2.516 1.20677 0.000711288
2.51662 1.20663 0.000710295
2.51723 1.2065 0.000709567
2.51784 1.20636 0.000708942
2.51845 1.20622 0.0007083
2.51906 1.20608 0.000707523
2.51967 1.20595 0.00070639
2.52029 1.20581 0.000705442
2.5209 1.20567 0.000704315
2.52151 1.20553 0.000702918
2.52213 1.20539 0.000701627
2.52274 1.20525 0.000700687
2.52336 1.2051 0.00070016
2.52397 1.20496 0.000698807
2.52459 1.20482 0.000697786
2.5252 1.20468 0.000696335
2.52582 1.20453 0.000694827
2.52643 1.20439 0.000693845
2.52705 1.20424 0.000692688
2.52766 1.2041 0.000691304
2.52828 1.20395 0.000689859
2.5289 1.2038 0.000688868
2.52952 1.20366 0.000687402
2.53013 1.20351 0.000686225
2.53075 1.20336 0.000685019
2.53137 1.20321 0.000684546
2.53199 1.20306 0.00068183
2.53261 1.20291 0.000680211
2.53323 1.20276 0.000678701
2.53385 1.20261 0.000677505
2.53446 1.20246 0.000675836
2.53509 1.20231 0.000674294
2.53571 1.20215 0.000672986
2.53633 1.202 0.000671423
2.53695 1.20185 0.000669759
2.53757 1.20169 0.000668571
2.53819 1.20154 0.000666884
2.53881 1.20138 0.000665182
2.53943 1.20122 0.000663515
2.54006 1.20107 0.00066155
2.54068 1.20091 0.000660408
2.5413 1.20075 0.000658603
2.54193 1.20059 0.000657015
2.54255 1.20043 0.000655229
2.54317 1.20027 0.000653523
2.5438 1.20011 0.000651539
2.54442 1.19995 0.000649939
2.54505 1.19979 0.000648478
2.54567 1.19962 0.000647172
2.5463 1.19946 0.000645103
2.54692 1.19929 0.000643295
2.54755 1.19913 0.000641461
2.54818 1.19896 0.000640382
2.5488 1.1988 0.000638891
2.54943 1.19863 0.000637687
2.55006 1.19846 0.000635521
2.55068 1.19829 0.000633341
2.55131 1.19812 0.000632056
2.55194 1.19795 0.000630819
2.55257 1.19778 0.000629707
2.5532 1.19761 0.000627675
2.55383 1.19744 0.000626194
2.55446 1.19727 0.00062524
2.55509 1.19709 0.000623406
2.55572 1.19692 0.000621482
2.55635 1.19674 0.00061975
2.55698 1.19657 0.000618705
2.55761 1.19639 0.000617192
2.55824 1.19621 0.000615675
2.55887 1.19604 0.000614676
2.5595 1.19586 0.00061315
2.56014 1.19568 0.000612115
2.56077 1.1955 0.00061124
2.5614 1.19532 0.000609569
2.56204 1.19513 0.000608638
2.56267 1.19495 0.000607145
2.5633 1.19477 0.000605469
2.56394 1.19458 0.000604262
2.56457 1.1944 0.000602862
2.56521 1.19421 0.000601684
2.56584 1.19403 0.00060029
2.56648 1.19384 0.000599123
2.56711 1.19365 0.000598539
2.56775 1.19346 0.000597575
2.56839 1.19327 0.00059599
2.56902 1.19308 0.000595781
2.56966 1.19289 0.00059379
2.5703 1.1927 0.000593079
2.57093 1.1925 0.000592324
2.57157 1.19231 0.000591439
2.57221 1.19212 0.000590236
2.57285 1.19192 0.000589929
2.57349 1.19172 0.00058854
2.57413 1.19152 0.000588511
2.57477 1.19133 0.000587362
2.57541 1.19113 0.000586525
2.57605 1.19093 0.000585684
2.57669 1.19073 0.000585473
2.57733 1.19052 0.000585413
2.57797 1.19032 0.000584345
2.57861 1.19012 0.000583536
2.57925 1.18991 0.000583199
2.5799 1.18971 0.000582768
2.58054 1.1895 0.00058264
2.58118 1.18929 0.000581235
2.58182 1.18908 0.00058087
2.58247 1.18887 0.000580123
2.58311 1.18866 0.000581256
2.58376 1.18845 0.000580657
2.5844 1.18824 0.000580403
2.58504 1.18802 0.000580178
2.58569 1.18781 0.000580583
2.58633 1.18759 0.000580971
2.58698 1.18738 0.000580315
2.58763 1.18716 0.000579925
2.58827 1.18694 0.000580518
2.58892 1.18672 0.000580604
2.58957 1.1865 0.000580195
2.59021 1.18628 0.000580576
2.59086 1.18605 0.000581139
2.59151 1.18583 0.000581521
2.59216 1.18561 0.000581538
2.59281 1.18538 0.000581649
2.59345 1.18515 0.000582638
2.5941 1.18492 0.000583128
2.59475 1.18469 0.000583667
2.5954 1.18446 0.000585431
2.59605 1.18423 0.000586072
2.5967 1.184 0.000586254
2.59735 1.18376 0.000587419
2.59801 1.18353 0.00058813
2.59866 1.18329 0.000589205
2.59931 1.18305 0.000590222
2.59996 1.18282 0.000591028
2.60061 1.18258 0.000592317
2.60127 1.18233 0.000593017
2.60192 1.18209 0.000595154
2.60257 1.18185 0.000596718
2.60323 1.1816 0.000596889
2.60388 1.18136 0.000598222
2.60454 1.18111 0.000600182
2.60519 1.18086 0.000600977
2.60585 1.18061 0.000603128
2.6065 1.18036 0.000604866
2.60716 1.1801 0.000606993
2.60781 1.17985 0.000607836
2.60847 1.17959 0.000609628
2.60913 1.17934 0.000611652
2.60978 1.17908 0.000613495
2.61044 1.17882 0.000615676
2.6111 1.17856 0.000617928
2.61176 1.1783 0.000619639
2.61241 1.17803 0.000622321
2.61307 1.17777 0.000624118
2.61373 1.1775 0.000626812
2.61439 1.17723 0.00062897
2.61505 1.17696 0.000631541
2.61571 1.17669 0.000634361
2.61637 1.17642 0.000636018
2.61703 1.17614 0.000638507
2.61769 1.17586 0.000641872
2.61836 1.17559 0.000644503
2.61902 1.17531 0.000646952
2.61968 1.17502 0.000651045
2.62034 1.17474 0.000653234
2.621 1.17446 0.000657224
2.62167 1.17417 0.000660666
2.62233 1.17388 0.000663987
2.62299 1.17359 0.000667681
2.62366 1.1733 0.000671205
2.62432 1.17301 0.000675097
2.62499 1.17271 0.000678321
2.62565 1.17242 0.000681431
2.62632 1.17212 0.000685073
2.62698 1.17182 0.000689715
2.62765 1.17151 0.000693951
2.62832 1.17121 0.000697413
2.62898 1.1709 0.000701667
2.62965 1.17059 0.000706389
2.63032 1.17028 0.000709215
2.63099 1.16997 0.000714212
2.63165 1.16965 0.000719497
2.63232 1.16934 0.000724335
2.63299 1.16902 0.000728813
2.63366 1.1687 0.000733953
2.63433 1.16837 0.000738986
2.635 1.16805 0.000744394
2.63567 1.16772 0.000749831
2.63634 1.16739 0.000754931
2.63701 1.16705 0.000759037
2.63768 1.16672 0.000764684
2.63835 1.16638 0.000770547
2.63903 1.16604 0.000776455
2.6397 1.16569 0.0007822
2.64037 1.16535 0.000788593
2.64104 1.165 0.000795144
2.64172 1.16465 0.00079981
2.64239 1.16429 0.000807204
2.64307 1.16393 0.000812791
2.64374 1.16357 0.000818455
2.64441 1.16321 0.000825229
2.64509 1.16284 0.000831677
2.64576 1.16247 0.000838047
2.64644 1.16209 0.000844936
2.64712 1.16171 0.000851761
2.64779 1.16133 0.000858886
2.64847 1.16094 0.000865188
2.64915 1.16054 0.000854265
2.64982 1.16013 0.000865442
2.6505 1.15972 0.000887254
2.65118 1.15931 0.000907423
2.65186 1.15889 0.000933454
2.65254 1.15847 0.000959902
2.65322 1.15805 0.000992561
2.6539 1.15763 0.00102672
2.65458 1.1572 0.00106261
2.65526 1.15677 0.00110198
2.65594 1.15634 0.00114309
2.65662 1.1559 0.00118819
2.6573 1.15546 0.00123679
2.65798 1.15502 0.00128737
2.65866 1.15458 0.00134002
2.65934 1.15413 0.00139586
2.66003 1.15368 0.00145554
2.66071 1.15323 0.0015196
2.66139 1.15277 0.00158383
2.66208 1.15232 0.00165143
2.66276 1.15186 0.00172322
2.66344 1.15139 0.00179628
2.66413 1.15093 0.00187232
2.66481 1.15046 0.00195274
2.6655 1.14999 0.00203429
2.66619 1.14952 0.00211987
2.66687 1.14904 0.00220714
2.66756 1.14856 0.00229846
2.66825 1.14808 0.00239388
2.66893 1.1476 0.00248974
2.66962 1.14711 0.00258915
2.67031 1.14662 0.00269285
2.671 1.14613 0.00279748
2.67169 1.14563 0.0029076
2.67237 1.14514 0.00301788
2.67306 1.14463 0.00313166
2.67375 1.14413 0.00323949
2.67444 1.1436 0.0033447
2.67513 1.14307 0.00347504
2.67582 1.14255 0.00363338
2.67652 1.14203 0.00374632
2.67721 1.14148 0.00387371
2.6779 1.14092 0.00399858
2.67859 1.14035 0.00415247
2.67928 1.13976 0.00431192
2.67998 1.13915 0.00448602
2.68067 1.13852 0.00469171
2.68136 1.13787 0.00493314
2.68206 1.13721 0.00524235
2.68275 1.13657 0.00567377
2.68345 1.13599 0.00618818
2.68414 1.13553 0.00679669
2.68484 1.13522 0.00736798
2.68553 1.13501 0.00782707
2.68623 1.13484 0.00816718
2.68693 1.13469 0.00839332
2.68762 1.1345 0.00851726
2.68832 1.13427 0.00857328
2.68902 1.13398 0.00858356
2.68972 1.13364 0.00857356
2.69041 1.13323 0.00853106
2.69111 1.13276 0.00850235
2.69181 1.13224 0.00849463
2.69251 1.13166 0.00849948
2.69321 1.13104 0.00858408
2.69391 1.1304 0.00867385
2.69461 1.12972 0.00884147
2.69531 1.12904 0.00909135
2.69601 1.12838 0.00939798
2.69671 1.12775 0.00975545
2.69742 1.12715 0.0101565
2.69812 1.12661 0.0106152
2.69882 1.12612 0.0110527
2.69952 1.12567 0.0115196
2.70023 1.12529 0.0119731
2.70093 1.12495 0.0124076
2.70164 1.12466 0.0127944
2.70234 1.12439 0.0131434
2.70305 1.12416 0.0134688
2.70375 1.12393 0.0137093
2.70446 1.12372 0.013925
2.70516 1.12349 0.0140634
2.70587 1.12326 0.0141781
2.70658 1.123 0.0142258
2.70728 1.12271 0.0142571
2.70799 1.12238 0.0142191
2.7087 1.12202 0.0142148
2.70941 1.12163 0.0141346
2.71011 1.12118 0.0140524
2.71082 1.12067 0.0139765
2.71153 1.12013 0.0139299
2.71224 1.11956 0.0138967
2.71295 1.11895 0.0138648
2.71366 1.11832 0.0138557
2.71437 1.11765 0.013858
2.71509 1.11697 0.0139156
2.7158 1.11627 0.0139804
2.71651 1.11556 0.0140513
2.71722 1.11482 0.0141833
2.71793 1.1141 0.0143344
2.71865 1.11337 0.0144856
2.71936 1.11263 0.014664
2.72007 1.11189 0.0148876
2.72079 1.11116 0.0150746
2.7215 1.11041 0.0153018
2.72222 1.10967 0.0155689
2.72293 1.10893 0.0158199
2.72365 1.1082 0.0161133
2.72436 1.10748 0.0163865
2.72508 1.10675 0.0166812
2.7258 1.10602 0.0169858
2.72651 1.1053 0.0172988
2.72723 1.10457 0.017619
2.72795 1.10385 0.0179415
2.72867 1.10313 0.0182779
2.72939 1.10241 0.0186118
2.73011 1.1017 0.0189687
2.73083 1.10099 0.0193169
2.73155 1.10027 0.0196546
2.73227 1.09954 0.020014
2.73299 1.09881 0.0203838
2.73371 1.09809 0.0207733
2.73443 1.09738 0.0211753
2.73515 1.09667 0.0215476
2.73587 1.09595 0.0219213
2.7366 1.09523 0.0223201
2.73732 1.0945 0.0227123
2.73804 1.09378 0.0231207
2.73876 1.09304 0.0235166
2.73949 1.09231 0.0239629
2.74021 1.09159 0.0243931
2.74094 1.09087 0.024803
2.74166 1.09013 0.0252308
2.74239 1.08939 0.0256801
2.74311 1.08866 0.0261237
2.74384 1.08791 0.0265596
2.74457 1.08717 0.0270243
2.74529 1.08642 0.0274795
2.74602 1.08566 0.0279611
2.74675 1.08492 0.0284506
2.74748 1.08417 0.0289317
2.74821 1.08342 0.0294185
2.74894 1.08266 0.0299262
2.74967 1.08191 0.0304275
2.7504 1.08114 0.0309263
2.75113 1.08038 0.0314631
2.75186 1.07961 0.0319885
2.75259 1.07885 0.0325302
2.75332 1.07809 0.0330843
2.75405 1.07733 0.0336242
2.75478 1.07655 0.0341482
2.75551 1.07576 0.0347317
2.75625 1.07498 0.0353038
2.75698 1.0742 0.0359044
2.75771 1.07343 0.0365096
2.75845 1.07265 0.0371085
2.75918 1.07187 0.0377035
2.75992 1.07108 0.0383315
2.76065 1.07031 0.0389874
2.76139 1.06953 0.0395947
2.76213 1.06874 0.0402409
2.76286 1.06796 0.0408998
2.7636 1.06717 0.0415559
2.76434 1.06637 0.0422411
2.76507 1.06559 0.0429326
2.76581 1.06481 0.0436359
2.76655 1.06403 0.0443271
2.76729 1.06325 0.0450503
2.76803 1.06246 0.0457501
2.76877 1.06167 0.0464922
2.76951 1.06089 0.047252
2.77025 1.06011 0.0479933
2.77099 1.05933 0.048761
2.77173 1.05856 0.0495271
2.77247 1.05778 0.0502879
2.77321 1.057 0.0510778
2.77396 1.05622 0.0518787
2.7747 1.05544 0.052676
2.77544 1.05466 0.0534994
2.77618 1.05388 0.0543477
2.77693 1.05312 0.0552004
2.77767 1.05236 0.0560387
2.77842 1.0516 0.0569002
2.77916 1.05084 0.0577662
2.77991 1.05009 0.058644
2.78065 1.04933 0.059525
2.7814 1.04859 0.0604381
2.78215 1.04785 0.061332
2.78289 1.0471 0.0622391
2.78364 1.04636 0.0631752
2.78439 1.04563 0.0641171
2.78514 1.04491 0.0650521
2.78589 1.04419 0.0659876
2.78664 1.04346 0.0669339
2.78739 1.04273 0.0679031
2.78814 1.04202 0.0688859
2.78889 1.04131 0.0698424
2.78964 1.0406 0.0708408
2.79039 1.0399 0.071846
2.79114 1.03921 0.0728501
2.79189 1.03852 0.0738404
2.79264 1.03783 0.0748565
2.7934 1.03714 0.0758653
2.79415 1.03645 0.076883
2.7949 1.03577 0.0779399
2.79566 1.0351 0.0789633
2.79641 1.03441 0.0799957
2.79717 1.03373 0.0810579
2.79792 1.03307 0.0821205
2.79868 1.0324 0.0831741
2.79943 1.03173 0.0842499
2.80019 1.03106 0.0853132
2.80095 1.03038 0.0864057
2.8017 1.02973 0.087519
2.80246 1.02907 0.0885813
2.80322 1.02839 0.0896833
2.80398 1.02772 0.0908105
2.80474 1.02705 0.0919365
2.8055 1.02639 0.0930836
2.80626 1.02573 0.0942135
2.80702 1.02506 0.0953624
2.80778 1.02439 0.0965239
2.80854 1.02373 0.0977051
2.8093 1.02307 0.0988822
2.81006 1.02241 0.100085
2.81082 1.02175 0.101284
2.81159 1.02109 0.102514
2.81235 1.02044 0.103726
2.81311 1.01977 0.104953
2.81388 1.01911 0.106234
2.81464 1.01846 0.107496
2.81541 1.01781 0.108783
2.81617 1.01717 0.110085
2.81694 1.01653 0.111394
2.8177 1.01589 0.112712
2.81847 1.01525 0.114055
2.81924 1.01462 0.1154
2.82 1.01399 0.116766
2.82077 1.01337 0.118155
2.82154 1.01276 0.119535
2.82231 1.01214 0.120939
2.82308 1.01152 0.12237
2.82384 1.01092 0.12384
2.82461 1.01034 0.125284
2.82538 1.00976 0.126774
2.82616 1.00919 0.128242
2.82693 1.00862 0.129741
2.8277 1.00806 0.131259
2.82847 1.00751 0.132782
2.82924 1.00696 0.134325
2.83001 1.00643 0.135901
2.83079 1.00592 0.137481
2.83156 1.00541 0.139059
2.83233 1.00491 0.14066
2.83311 1.00442 0.142288
2.83388 1.00394 0.143916
2.83466 1.00348 0.145576
2.83543 1.00304 0.147231
2.83621 1.0026 0.148891
2.83699 1.00216 0.150575
2.83776 1.00175 0.152286
2.83854 1.00134 0.153973
2.83932 1.00095 0.155723
2.8401 1.00058 0.15747
2.84088 1.00022 0.159202
2.84166 0.999873 0.160975
2.84243 0.999537 0.162732
2.84321 0.999208 0.164522
2.84399 0.998893 0.166327
2.84478 0.998606 0.168171
2.84556 0.99834 0.169987
2.84634 0.998085 0.171829
2.84712 0.997848 0.173675
2.8479 0.997618 0.175522
2.84869 0.997406 0.177407
2.84947 0.997212 0.179282
2.85025 0.997032 0.181183
2.85104 0.996871 0.183093
2.85182 0.996737 0.185029
2.85261 0.996624 0.186947
2.85339 0.996523 0.18888
2.85418 0.996435 0.190817
2.85496 0.996362 0.192779
2.85575 0.996319 0.194761
2.85654 0.996297 0.19673
2.85733 0.996291 0.198713
2.85811 0.996299 0.200701
2.8589 0.996336 0.202728
2.85969 0.996406 0.204738
2.86048 0.996482 0.206724
2.86127 0.996573 0.208765
2.86206 0.996702 0.210808
2.86285 0.996851 0.212832
2.86364 0.997012 0.214866
2.86443 0.997205 0.216937
2.86523 0.997426 0.218971
2.86602 0.99766 0.221018
2.86681 0.997911 0.223066
2.8676 0.998186 0.225135
2.8684 0.998494 0.227209
2.86919 0.998829 0.229267
2.86999 0.99918 0.231316
2.87078 0.99954 0.233361
2.87158 0.999922 0.235441
2.87237 1.00033 0.237502
2.87317 1.00077 0.239609
2.87397 1.00125 0.24167
2.87476 1.00174 0.243704
2.87556 1.00223 0.245751
2.87636 1.00275 0.247825
2.87716 1.0033 0.249894
2.87796 1.00388 0.251935
2.87876 1.00447 0.253989
2.87956 1.00508 0.256019
2.88036 1.0057 0.258074
2.88116 1.00635 0.260134
2.88196 1.00706 0.262216
2.88276 1.00779 0.264202
2.88356 1.00851 0.266204
2.88437 1.00925 0.268201
2.88517 1.00999 0.270186
2.88597 1.01076 0.27221
2.88678 1.01156 0.274205
2.88758 1.01237 0.276192
2.88839 1.0132 0.278189
2.88919 1.01405 0.280173
2.89 1.01493 0.282156
2.8908 1.01583 0.284112
2.89161 1.01675 0.286073
2.89242 1.01769 0.288
2.89322 1.01862 0.289925
2.89403 1.01958 0.291864
2.89484 1.02056 0.293805
2.89565 1.02157 0.295737
2.89646 1.02259 0.297628
2.89727 1.02363 0.299541
2.89808 1.02469 0.301422
2.89889 1.02576 0.30331
2.8997 1.02685 0.305153
2.90051 1.02795 0.307026
2.90133 1.02906 0.308879
2.90214 1.0302 0.310727
2.90295 1.03136 0.312571
2.90376 1.03253 0.314381
2.90458 1.03372 0.316187
2.90539 1.0349 0.317978
2.90621 1.03611 0.31979
2.90702 1.03734 0.321588
2.90784 1.03859 0.323359
2.90865 1.03986 0.32516
2.90947 1.04115 0.326893
2.91029 1.04245 0.32865
2.91111 1.04378 0.33039
2.91192 1.04512 0.33207
2.91274 1.04645 0.333733
2.91356 1.04778 0.335451
2.91438 1.04915 0.337152
2.9152 1.05055 0.33881
2.91602 1.05193 0.34044
2.91684 1.05333 0.342107
2.91766 1.05476 0.343751
2.91848 1.0562 0.345349
2.91931 1.05765 0.346971
2.92013 1.05912 0.348538
2.92095 1.06058 0.350126
2.92178 1.06207 0.351688
2.9226 1.06357 0.353236
2.92342 1.06508 0.354766
2.92425 1.0666 0.356273
2.92507 1.06811 0.357765
2.9259 1.06964 0.359275
2.92673 1.07119 0.360789
2.92755 1.07276 0.362247
2.92838 1.07433 0.363715
2.92921 1.07592 0.365153
2.93004 1.07752 0.36658
2.93087 1.07912 0.367976
2.9317 1.08073 0.369392
2.93252 1.08236 0.37077
2.93335 1.084 0.372115
2.93419 1.08562 0.373445
2.93502 1.08726 0.374797
2.93585 1.08891 0.376118
2.93668 1.09056 0.37742
2.93751 1.0922 0.378684
2.93835 1.09385 0.379999
2.93918 1.09553 0.381324
2.94001 1.09724 0.38261
2.94085 1.09898 0.383866
2.94168 1.10071 0.38501
2.94252 1.1024 0.386162
2.94335 1.10407 0.387325
2.94419 1.10575 0.388531
2.94503 1.10746 0.389698
2.94586 1.10914 0.390833
2.9467 1.11082 0.39204
2.94754 1.1126 0.393338
2.94838 1.11443 0.394416
2.94922 1.1162 0.395384
2.95006 1.1179 0.396422
2.9509 1.11961 0.397526
2.95174 1.12135 0.398597
2.95258 1.12309 0.399637
2.95342 1.12482 0.400661
2.95426 1.12656 0.401707
2.9551 1.12831 0.402734
2.95595 1.13006 0.403738
2.95679 1.13181 0.404732
2.95763 1.13356 0.405749
2.95848 1.13533 0.406714
2.95932 1.13709 0.407679
2.96017 1.13885 0.408628
2.96101 1.14062 0.409604
2.96186 1.14238 0.410472
2.96271 1.14412 0.411437
2.96355 1.14588 0.412373
2.9644 1.14766 0.413297
2.96525 1.14941 0.414157
2.9661 1.15114 0.415104
2.96695 1.15296 0.41616
2.9678 1.15483 0.416996
2.96865 1.15664 0.417786
2.9695 1.1584 0.418573
2.97035 1.16016 0.41948
2.9712 1.16195 0.420311
2.97205 1.16372 0.421141
2.97291 1.1655 0.421989
2.97376 1.16728 0.422829
2.97461 1.16908 0.42367
2.97547 1.17088 0.424491
2.97632 1.17268 0.425316
2.97718 1.17448 0.426107
2.97803 1.17628 0.426921
2.97889 1.17809 0.42774
2.97975 1.1799 0.428528
2.9806 1.18172 0.429349
2.98146 1.18354 0.430117
2.98232 1.18535 0.430914
2.98318 1.18718 0.431729
2.98404 1.18905 0.432549
2.9849 1.19093 0.433279
2.98576 1.19277 0.434
2.98662 1.1946 0.434767
2.98748 1.19645 0.435549
2.98834 1.19832 0.436307
2.9892 1.20019 0.437069
2.99006 1.20208 0.437846
2.99093 1.20398 0.4386
2.99179 1.20589 0.439332
2.99265 1.20779 0.44006
2.99352 1.2097 0.440814
2.99438 1.21165 0.441593
2.99525 1.21363 0.44229
2.99611 1.21558 0.442961
2.99698 1.21752 0.44365
2.99785 1.21948 0.444389
2.99872 1.22146 0.445084
2.99958 1.22345 0.445771
3.00045 1.22545 0.446441
3.00132 1.22744 0.44712
3.00219 1.22945 0.447831
3.00306 1.2315 0.448503
3.00393 1.23354 0.44915
3.0048 1.23559 0.449816
3.00567 1.23767 0.450491
3.00655 1.23978 0.451168
3.00742 1.2419 0.45174
3.00829 1.24402 0.452352
3.00917 1.24613 0.452929
3.01004 1.24826 0.453543
3.01091 1.25041 0.454138
3.01179 1.25258 0.45469
3.01266 1.25474 0.455255
3.01354 1.25693 0.455835
3.01442 1.25915 0.456374
3.01529 1.26137 0.456892
3.01617 1.26359 0.457382
3.01705 1.26583 0.457897
3.01793 1.26809 0.458386
3.01881 1.27035 0.45886
3.01969 1.27263 0.459315
3.02057 1.27492 0.459778
3.02145 1.27725 0.460244
3.02233 1.27959 0.460617
3.02321 1.28191 0.46102
3.02409 1.28429 0.46148
3.02498 1.28672 0.461835
3.02586 1.28915 0.462122
3.02674 1.29155 0.462343
3.02763 1.29393 0.462592
3.02851 1.29631 0.462862
3.0294 1.29871 0.463134
3.03028 1.30114 0.463371
3.03117 1.30358 0.463576
3.03206 1.30603 0.463763
3.03294 1.30849 0.463958
3.03383 1.31098 0.4641
3.03472 1.31346 0.464197
3.03561 1.31593 0.464272
3.0365 1.31841 0.464387
3.03739 1.32097 0.464534
3.03828 1.32353 0.464457
3.03917 1.32603 0.464398
3.04006 1.32853 0.464365
3.04095 1.33104 0.464325
3.04185 1.33357 0.464252
3.04274 1.3361 0.46415
3.04363 1.33864 0.464038
3.04453 1.34118 0.463882
3.04542 1.34371 0.463672
3.04632 1.34624 0.463507
3.04721 1.3488 0.463295
3.04811 1.35136 0.463043
3.04901 1.35391 0.462757
3.0499 1.35645 0.462448
3.0508 1.35899 0.462121
3.0517 1.36153 0.461791
3.0526 1.36409 0.461425
3.0535 1.36664 0.460997
3.0544 1.36915 0.460557
3.0553 1.37166 0.46017
3.0562 1.37425 0.459813
3.0571 1.37686 0.459282
3.058 1.37942 0.458697
3.05891 1.38194 0.458089
3.05981 1.38445 0.45752
3.06071 1.38696 0.456918
3.06162 1.38947 0.456304
3.06252 1.39198 0.455663
3.06343 1.39449 0.455017
3.06433 1.39699 0.454296
3.06524 1.39948 0.453596
3.06615 1.40197 0.452846
3.06706 1.40444 0.45207
3.06796 1.4069 0.451293
3.06887 1.40935 0.450499
3.06978 1.41179 0.449677
3.07069 1.41424 0.44887
3.0716 1.4167 0.448019
3.07251 1.41914 0.447103
3.07342 1.42155 0.446209
3.07434 1.42397 0.445302
3.07525 1.42639 0.44435
3.07616 1.42879 0.443384
3.07707 1.43118 0.442386
3.07799 1.43355 0.441397
3.0789 1.43594 0.440403
3.07982 1.43833 0.439369
3.08073 1.4407 0.438273
3.08165 1.44305 0.437179
3.08257 1.44538 0.436089
3.08348 1.44772 0.434969
3.0844 1.45005 0.433828
3.08532 1.45237 0.43265
3.08624 1.45466 0.431474
3.08716 1.45696 0.430289
3.08808 1.45926 0.429104
3.089 1.46155 0.427844
3.08992 1.4638 0.426562
3.09084 1.46603 0.425339
3.09176 1.46832 0.424158
3.09269 1.47066 0.422866
3.09361 1.47294 0.421403
3.09453 1.47516 0.420004
3.09546 1.47735 0.418614
3.09638 1.47955 0.417212
3.09731 1.48173 0.415793
3.09823 1.4839 0.414341
3.09916 1.48607 0.412912
3.10009 1.48823 0.41144
3.10101 1.49039 0.409932
3.10194 1.49251 0.408387
3.10287 1.49462 0.406885
3.1038 1.49674 0.405323
3.10473 1.49883 0.403743
3.10566 1.50091 0.402157
3.10659 1.50298 0.400541
3.10752 1.50503 0.398899
3.10846 1.50706 0.397264
3.10939 1.50909 0.395617
3.11032 1.51111 0.393907
3.11126 1.51311 0.392196
3.11219 1.51509 0.390467
3.11313 1.51705 0.388709
3.11406 1.519 0.386964
3.115 1.52094 0.385169
3.11593 1.52285 0.383356
3.11687 1.52473 0.381524
3.11781 1.5266 0.379709
3.11875 1.52846 0.377849
3.11969 1.53031 0.375997
3.12063 1.53214 0.374093
3.12157 1.53394 0.372182
3.12251 1.53572 0.370256
3.12345 1.53748 0.368325
3.12439 1.53922 0.366389
3.12533 1.54096 0.364428
3.12627 1.54267 0.362454
3.12722 1.54436 0.360427
3.12816 1.54602 0.358425
3.12911 1.54766 0.356408
3.13005 1.54929 0.354396
3.131 1.55091 0.352339
3.13194 1.55249 0.350253
3.13289 1.55405 0.348185
3.13384 1.55559 0.346091
3.13479 1.55711 0.344023
3.13573 1.55862 0.341912
3.13668 1.56011 0.33979
3.13763 1.56157 0.337655
3.13858 1.56302 0.335511
3.13953 1.56444 0.333351
3.14049 1.56583 0.331177
3.14144 1.56721 0.329029
3.14239 1.56857 0.32683
3.14334 1.56991 0.324644
3.1443 1.57123 0.322443
3.14525 1.57253 0.320232
3.14621 1.57381 0.318004
3.14716 1.57507 0.315768
3.14812 1.57631 0.313523
3.14907 1.57751 0.311243
3.15003 1.57869 0.308995
3.15099 1.57985 0.306729
3.15195 1.581 0.30449
3.15291 1.58214 0.302187
3.15387 1.58324 0.299891
3.15483 1.58432 0.297572
3.15579 1.58537 0.295281
3.15675 1.58641 0.292965
3.15771 1.58742 0.290639
3.15867 1.58841 0.288326
3.15964 1.58938 0.285981
3.1606 1.59032 0.283637
3.16156 1.59124 0.281303
3.16253 1.59215 0.278954
3.16349 1.59303 0.276598
3.16446 1.59389 0.274228
3.16543 1.59473 0.271857
3.16639 1.59552 0.269459
3.16736 1.5963 0.267115
3.16833 1.59707 0.264745
3.1693 1.59782 0.262379
3.17027 1.59855 0.259966
3.17124 1.59925 0.257569
3.17221 1.59992 0.255185
3.17318 1.60057 0.252785
3.17415 1.60121 0.250387
3.17513 1.60181 0.247966
3.1761 1.60239 0.245562
3.17707 1.60295 0.243169
3.17805 1.60349 0.240734
3.17902 1.60401 0.23835
3.18 1.6045 0.235882
3.18097 1.60496 0.233506
3.18195 1.6054 0.231042
3.18293 1.6058 0.228655
3.18391 1.60619 0.226212
3.18488 1.60656 0.223842
3.18586 1.60693 0.221414
3.18684 1.60725 0.21898
3.18782 1.60756 0.216561
3.18881 1.60783 0.214116
3.18979 1.60807 0.211718
3.19077 1.60829 0.209283
3.19175 1.6085 0.206901
3.19273 1.60867 0.204455
3.19372 1.60882 0.20207
3.1947 1.60895 0.199674
3.19569 1.60907 0.197296
3.19667 1.60917 0.194885
3.19766 1.60923 0.192475
3.19865 1.60927 0.190107
3.19964 1.60931 0.187718
3.20062 1.60931 0.185314
3.20161 1.60929 0.182919
3.2026 1.60923 0.180529
3.20359 1.60915 0.178149
3.20458 1.60904 0.17578
3.20557 1.60892 0.173429
3.20657 1.60877 0.171059
3.20756 1.6086 0.168734
3.20855 1.60842 0.166367
3.20955 1.60821 0.164033
3.21054 1.60797 0.161678
3.21153 1.6077 0.159325
3.21253 1.6074 0.15702
3.21353 1.60709 0.1547
3.21452 1.60675 0.152412
3.21552 1.60639 0.150081
3.21652 1.606 0.147826
3.21752 1.60561 0.145545
3.21852 1.6052 0.143273
3.21952 1.60476 0.140986
3.22052 1.60427 0.13869
3.22152 1.60375 0.136453
3.22252 1.60322 0.134225
3.22352 1.60267 0.132022
3.22453 1.60211 0.129788
3.22553 1.60151 0.127601
3.22653 1.60089 0.125392
3.22754 1.60025 0.123221
3.22854 1.59959 0.121062
3.22955 1.59891 0.118906
3.23056 1.59819 0.116749
3.23156 1.59745 0.114619
3.23257 1.59669 0.112527
3.23358 1.59591 0.110425
3.23459 1.59511 0.108355
3.2356 1.59428 0.106274
3.23661 1.59343 0.104245
3.23762 1.59256 0.102222
3.23863 1.59168 0.100215
3.23965 1.59078 0.0982232
3.24066 1.58985 0.0962309
3.24167 1.58889 0.0942562
3.24269 1.58791 0.0923369
3.2437 1.58692 0.0904361
3.24472 1.58592 0.0885346
3.24574 1.58488 0.0866407
3.24675 1.58383 0.084787
3.24777 1.58274 0.0829232
3.24879 1.58163 0.0811449
3.24981 1.58052 0.079377
3.25083 1.57941 0.0776762
3.25185 1.5783 0.0759312
3.25287 1.57716 0.0742204
3.25389 1.57601 0.0725225
3.25491 1.57484 0.0708723
3.25593 1.57366 0.0692108
3.25696 1.57246 0.0676015
3.25798 1.57127 0.0660225
3.25901 1.57005 0.0643961
3.26003 1.5688 0.0628437
3.26106 1.56753 0.0613296
3.26208 1.56627 0.0598538
3.26311 1.56501 0.0584065
3.26414 1.56374 0.0569647
3.26517 1.56247 0.0555476
3.2662 1.56118 0.0541217
3.26723 1.55988 0.0527735
3.26826 1.55857 0.0514258
3.26929 1.55727 0.0501342
3.27032 1.55596 0.0488194
3.27135 1.55464 0.0475566
3.27238 1.55332 0.0463166
3.27342 1.55199 0.0451006
3.27445 1.55067 0.043924
3.27549 1.54935 0.0427536
3.27652 1.54802 0.0416151
3.27756 1.5467 0.0404712
3.2786 1.54536 0.0393784
3.27963 1.54403 0.0383194
3.28067 1.5427 0.0372608
3.28171 1.54137 0.0362291
3.28275 1.54003 0.0352051
3.28379 1.53871 0.0342516
3.28483 1.53739 0.0332741
3.28587 1.53606 0.0323056
3.28692 1.53471 0.031384
3.28796 1.53338 0.0305078
3.289 1.53206 0.0296487
3.29005 1.53074 0.0288013
3.29109 1.52943 0.0279804
3.29214 1.52813 0.027182
3.29318 1.52684 0.0263964
3.29423 1.52555 0.0256062
3.29528 1.52426 0.0248712
3.29633 1.52298 0.0241284
3.29737 1.5217 0.0234295
3.29842 1.52044 0.0227202
3.29947 1.51917 0.0220264
3.30053 1.51791 0.02137
3.30158 1.51665 0.0207218
3.30263 1.51541 0.020106
3.30368 1.51417 0.0194852
3.30474 1.51295 0.018903
3.30579 1.51173 0.0183072
3.30684 1.51051 0.0177382
3.3079 1.5093 0.017191
3.30896 1.50809 0.0166483
3.31001 1.5069 0.0161571
3.31107 1.50574 0.0156439
3.31213 1.50458 0.015125
3.31319 1.5034 0.0146041
3.31425 1.50221 0.0141361
3.31531 1.50106 0.0137031
3.31637 1.49992 0.0132453
3.31743 1.49876 0.0127501
3.31849 1.49759 0.0123819
3.31956 1.49647 0.0120069
3.32062 1.49535 0.0115886
3.32168 1.49423 0.0112391
3.32275 1.49314 0.0108987
3.32382 1.49207 0.0105355
3.32488 1.491 0.0101764
3.32595 1.48993 0.00984438
3.32702 1.48887 0.00950687
3.32809 1.48781 0.00918344
3.32915 1.48677 0.00888284
3.33022 1.48574 0.00857874
3.33129 1.48471 0.00827343
3.33237 1.48369 0.0079965
3.33344 1.48268 0.00771639
3.33451 1.48168 0.00745721
3.33558 1.48069 0.00717741
3.33666 1.4797 0.00692596
3.33773 1.47871 0.00667401
3.33881 1.47774 0.00644844
3.33988 1.47679 0.00621033
3.34096 1.47582 0.00594895
3.34204 1.47485 0.0057466
3.34312 1.4739 0.00555611
3.3442 1.47297 0.00536861
3.34527 1.47205 0.00516856
3.34636 1.47113 0.0049901
3.34744 1.47022 0.00482131
3.34852 1.46933 0.00464402
3.3496 1.46844 0.00445777
3.35068 1.46755 0.0043024
3.35177 1.46668 0.0041448
3.35285 1.46581 0.00396844
3.35394 1.46494 0.00383235
3.35502 1.46408 0.00367555
3.35611 1.46322 0.00353043
3.3572 1.46237 0.00339465
3.35828 1.46153 0.00328389
3.35937 1.4607 0.0031727
3.36046 1.45988 0.00304766
3.36155 1.45906 0.00293463
3.36264 1.45825 0.00283681
3.36373 1.45745 0.00273928
3.36483 1.45666 0.00262467
3.36592 1.45587 0.00253749
3.36701 1.45509 0.00243814
3.36811 1.4543 0.00233481
3.3692 1.45352 0.0022832
3.3703 1.45277 0.00222251
3.3714 1.45202 0.00213938
3.37249 1.45127 0.00206473
3.37359 1.45052 0.00199411
3.37469 1.44978 0.00193854
3.37579 1.44905 0.00191177
3.37689 1.44835 0.0018589
3.37799 1.44764 0.00179909
3.37909 1.44693 0.00174305
3.38019 1.44622 0.00170261
3.3813 1.44552 0.00167855
3.3824 1.44484 0.001669
3.3835 1.44419 0.00163593
3.38461 1.44353 0.00160196
3.38571 1.44288 0.00154673
3.38682 1.44222 0.00149
3.38793 1.44155 0.00146714
3.38904 1.44092 0.00146345
3.39015 1.4403 0.00141908
3.39125 1.43966 0.00135892
3.39237 1.43901 0.00131922
3.39348 1.43838 0.00129888
3.39459 1.43775 0.00127801
3.3957 1.43712 0.00124168
3.39681 1.4365 0.00123755
3.39793 1.43587 0.00121322
3.39904 1.43526 0.00123659
3.40016 1.43467 0.00122766
3.40127 1.43407 0.00122933
3.40239 1.43348 0.00123562
3.40351 1.4329 0.00124199
3.40463 1.43232 0.00123996
3.40574 1.43175 0.00126098
3.40686 1.43119 0.00128554
3.40798 1.43064 0.00129397
3.40911 1.43009 0.00131948
3.41023 1.42957 0.00134595
3.41135 1.42904 0.00133475
3.41247 1.4285 0.00132601
3.4136 1.42797 0.00135617
3.41472 1.42746 0.00140578
3.41585 1.42696 0.00139636
3.41697 1.42646 0.00142862
3.4181 1.42596 0.00141628
3.41923 1.42547 0.00144781
3.42036 1.42499 0.00145063
3.42149 1.42452 0.00146949
3.42262 1.42406 0.00145023
3.42375 1.42359 0.00143204
3.42488 1.42312 0.00141522
3.42601 1.42264 0.00138476
3.42714 1.42215 0.00136961
3.42828 1.42166 0.00136017
3.42941 1.42119 0.00136144
3.43055 1.4207 0.0013404
3.43168 1.4202 0.00132459
3.43282 1.41971 0.00140548
3.43396 1.41927 0.00144899
3.4351 1.41883 0.00145527
3.43624 1.41839 0.00147639
3.43738 1.41796 0.00149143
3.43852 1.41753 0.00150798
3.43966 1.4171 0.00149311
3.4408 1.41667 0.00151577
3.44194 1.41625 0.00153087
3.44309 1.41584 0.00153084
3.44423 1.41542 0.00152635
3.44538 1.415 0.00155345
3.44652 1.41461 0.00155299
3.44767 1.4142 0.00153066
3.44882 1.41379 0.00154855
3.44996 1.41339 0.00154482
3.45111 1.413 0.00153227
3.45226 1.4126 0.00151806
3.45341 1.4122 0.00151117
3.45456 1.41179 0.00149549
3.45572 1.41139 0.00148862
3.45687 1.41099 0.00149039
3.45802 1.41059 0.00148608
3.45918 1.4102 0.00150063
3.46033 1.40982 0.00149236
3.46149 1.40943 0.00147927
3.46264 1.40905 0.00148169
3.4638 1.40866 0.00146771
3.46496 1.40827 0.00146005
3.46612 1.40789 0.00146976
3.46728 1.40751 0.00146101
3.46844 1.40712 0.00144822
3.4696 1.40674 0.00146269
3.47076 1.40636 0.00146025
3.47193 1.40599 0.00148224
3.47309 1.40562 0.0014908
3.47425 1.40526 0.00149492
3.47542 1.4049 0.00149878
3.47658 1.40454 0.00150465
3.47775 1.40419 0.00150501
3.47892 1.40382 0.0014827
3.48009 1.40346 0.00150408
3.48126 1.4031 0.00150967
3.48243 1.40275 0.00152564
3.4836 1.4024 0.00153696
3.48477 1.40206 0.00154601
3.48594 1.40172 0.00154859
3.48711 1.40138 0.00155027
3.48829 1.40103 0.00153824
3.48946 1.40068 0.00155118
3.49064 1.40034 0.00156548
3.49181 1.40001 0.00158243
3.49299 1.39968 0.00158408
3.49417 1.39934 0.00159423
3.49535 1.39901 0.00159873
3.49653 1.39867 0.00161508
3.49771 1.39835 0.00164747
3.49889 1.39804 0.00167921
3.50007 1.39774 0.00167913
3.50125 1.39743 0.00167244
3.50244 1.39711 0.00167882
3.50362 1.39681 0.00171187
3.5048 1.39652 0.00171221
3.50599 1.39623 0.00170495
3.50718 1.39593 0.00168561
3.50836 1.39562 0.0016494
3.50955 1.3953 0.00163973
3.51074 1.39498 0.00164739
3.51193 1.39468 0.00164196
3.51312 1.39437 0.00163914
3.51431 1.39405 0.0016237
3.51551 1.39373 0.00162113
3.5167 1.39342 0.0016536
3.51789 1.39313 0.0016748
3.51909 1.39284 0.00168207
3.52028 1.39256 0.00167032
3.52148 1.39226 0.0016402
3.52268 1.39194 0.00160936
3.52387 1.39162 0.00165665
3.52507 1.39133 0.00168735
3.52627 1.39105 0.00169256
3.52747 1.39076 0.00170092
3.52867 1.39048 0.00169827
3.52988 1.39019 0.00168183
3.53108 1.38989 0.00170761
3.53228 1.38961 0.00172421
3.53349 1.38933 0.00173225
3.53469 1.38906 0.00173514
3.5359 1.38878 0.00173374
3.5371 1.38849 0.00172299
3.53831 1.38821 0.00174403
3.53952 1.38794 0.00176823
3.54073 1.38767 0.00175576
3.54194 1.3874 0.0017541
3.54315 1.38712 0.00175739
3.54436 1.38684 0.00177499
3.54558 1.38657 0.00178168
3.54679 1.38631 0.00179021
3.548 1.38604 0.00178049
3.54922 1.38577 0.00179141
3.55044 1.38551 0.00180313
3.55165 1.38524 0.00179863
3.55287 1.38497 0.00180692
3.55409 1.38471 0.00181296
3.55531 1.38445 0.00182256
3.55653 1.38419 0.00182242
3.55775 1.38392 0.00181325
3.55897 1.38365 0.00182638
3.56019 1.38339 0.00185186
3.56142 1.38315 0.00187013
3.56264 1.3829 0.00185872
3.56387 1.38264 0.00186113
3.56509 1.38238 0.00187192
3.56632 1.38212 0.00189699
3.56755 1.38189 0.00191153
3.56878 1.38164 0.00189488
3.57001 1.38139 0.0019006
3.57124 1.38114 0.00189502
3.57247 1.38088 0.00190258
3.5737 1.38063 0.00191352
3.57493 1.38038 0.00192514
3.57617 1.38014 0.00194175
3.5774 1.3799 0.00195076
3.57864 1.37966 0.00196254
3.57987 1.37942 0.00195396
3.58111 1.37917 0.00197238
3.58235 1.37893 0.00197217
3.58359 1.37869 0.00198069
3.58483 1.37845 0.00198351
3.58607 1.37821 0.00199866
3.58731 1.37797 0.00199971
3.58855 1.37773 0.00203233
3.58979 1.37751 0.00202873
3.59104 1.37727 0.00203057
3.59228 1.37703 0.00204639
3.59353 1.3768 0.00205909
3.59477 1.37657 0.00206893
3.59602 1.37635 0.00209392
3.59727 1.37613 0.00208734
3.59852 1.3759 0.00208031
3.59977 1.37566 0.00209338
3.60102 1.37544 0.00211342
3.60227 1.37521 0.00211005
3.60352 1.37499 0.00211609
3.60478 1.37476 0.00212519
3.60603 1.37454 0.00212336
3.60729 1.37431 0.00213778
3.60854 1.37409 0.00214112
3.6098 1.37386 0.00214103
3.61106 1.37363 0.00216219
3.61232 1.37341 0.00216282
3.61358 1.37318 0.00216886
3.61484 1.37296 0.00219716
3.6161 1.37274 0.00220707
3.61736 1.37252 0.00221678
3.61862 1.37231 0.00223434
3.61989 1.37209 0.00224513
3.62115 1.37188 0.00224678
3.62242 1.37166 0.00226408
3.62369 1.37144 0.00227434
3.62495 1.37123 0.00228591
3.62622 1.37102 0.00230414
3.62749 1.37081 0.00231019
3.62876 1.3706 0.00232875
3.63003 1.37039 0.0023323
3.6313 1.37018 0.0023299
3.63258 1.36996 0.00234588
3.63385 1.36975 0.00235941
3.63513 1.36954 0.00237453
3.6364 1.36934 0.00239054
3.63768 1.36913 0.00240226
3.63896 1.36892 0.00240653
3.64023 1.36871 0.00242141
3.64151 1.36851 0.00244934
3.64279 1.36831 0.00244804
3.64407 1.36811 0.00246968
3.64536 1.3679 0.00246959
3.64664 1.36769 0.00248882
3.64792 1.36749 0.00251371
3.64921 1.3673 0.00252351
3.65049 1.3671 0.00253316
3.65178 1.3669 0.00254493
3.65307 1.3667 0.00256171
3.65436 1.3665 0.00257591
3.65564 1.3663 0.00259839
3.65693 1.36611 0.00260669
3.65823 1.36591 0.00262752
3.65952 1.36572 0.00264656
3.66081 1.36553 0.00264865
3.6621 1.36534 0.00265478
3.6634 1.36514 0.00266756
3.66469 1.36495 0.00268342
3.66599 1.36475 0.00269603
3.66729 1.36456 0.00269819
3.66859 1.36436 0.00271729
3.66989 1.36416 0.00274182
3.67119 1.36398 0.00277179
3.67249 1.36379 0.0027727
3.67379 1.3636 0.00279063
3.67509 1.36342 0.00280425
3.67639 1.36323 0.00281701
3.6777 1.36304 0.00283994
3.67901 1.36286 0.00285454
3.68031 1.36268 0.00285982
3.68162 1.36249 0.00286569
3.68293 1.3623 0.00288846
3.68424 1.36211 0.00289393
3.68555 1.36192 0.00291744
3.68686 1.36174 0.00293485
3.68817 1.36156 0.00294204
3.68948 1.36137 0.00294298
3.6908 1.36118 0.00297258
3.69211 1.36099 0.00299065
3.69343 1.36081 0.00301609
3.69475 1.36063 0.00303574
3.69606 1.36045 0.00304907
3.69738 1.36027 0.00307111
3.6987 1.36008 0.00309746
3.70002 1.35991 0.00313404
3.70134 1.35975 0.00314551
3.70267 1.35958 0.00315882
3.70399 1.3594 0.00314613
3.70531 1.35921 0.00318008
3.70664 1.35904 0.00319541
3.70797 1.35887 0.0032343
3.70929 1.3587 0.00323655
3.71062 1.35853 0.00325671
3.71195 1.35835 0.00325338
3.71328 1.35818 0.00328339
3.71461 1.35801 0.00330557
3.71594 1.35785 0.00332092
3.71728 1.35768 0.00332798
3.71861 1.35752 0.00334255
3.71995 1.35735 0.00332311
3.72128 1.35717 0.00332779
3.72262 1.35698 0.00331802
3.72396 1.3568 0.00333666
3.7253 1.3566 0.00332165
3.72663 1.3564 0.00334729
3.72798 1.35619 0.00334952
3.72932 1.35599 0.00342239
3.73066 1.35581 0.00347666
3.732 1.35564 0.00352861
3.73335 1.35549 0.00356902
3.73469 1.35532 0.00357894
3.73604 1.35515 0.00361724
3.73739 1.35498 0.00366431
3.73874 1.35483 0.00370037
3.74009 1.35467 0.00371977
3.74144 1.35451 0.00374972
3.74279 1.35434 0.00375559
3.74414 1.35418 0.00381573
3.74549 1.35402 0.00383684
3.74685 1.35387 0.00386811
3.7482 1.35371 0.00388146
3.74956 1.35355 0.00391656
3.75092 1.35339 0.0039363
3.75227 1.35323 0.00396921
3.75363 1.35308 0.00400164
3.75499 1.35293 0.00402163
3.75635 1.35277 0.00405059
3.75772 1.35262 0.00406938
3.75908 1.35246 0.00408991
3.76044 1.3523 0.00412642
3.76181 1.35215 0.00415741
3.76317 1.352 0.00417111
3.76454 1.35184 0.0042042
3.76591 1.35169 0.00422299
3.76728 1.35153 0.00424434
3.76865 1.35137 0.00428413
3.77002 1.35123 0.00431961
3.77139 1.35108 0.00432683
3.77276 1.35092 0.00437001
3.77414 1.35078 0.0043897
3.77551 1.35063 0.00442262
3.77689 1.35048 0.00443939
3.77827 1.35033 0.00446731
3.77965 1.35018 0.00448741
3.78102 1.35003 0.0045157
3.7824 1.34988 0.00454713
3.78379 1.34973 0.00456861
3.78517 1.34958 0.00460493
3.78655 1.34943 0.00462442
3.78793 1.34928 0.00465714
3.78932 1.34913 0.00468925
3.79071 1.34899 0.00471817
3.79209 1.34885 0.00474015
3.79348 1.3487 0.00476991
3.79487 1.34855 0.00479386
3.79626 1.34841 0.00484027
3.79765 1.34826 0.00485629
3.79904 1.34812 0.00489082
3.80044 1.34798 0.00492894
3.80183 1.34784 0.00495256
3.80323 1.3477 0.00496715
3.80462 1.34755 0.00500146
3.80602 1.34741 0.0050396
3.80742 1.34727 0.00506738
3.80882 1.34713 0.00509371
3.81022 1.34699 0.00511123
3.81162 1.34684 0.00513891
3.81302 1.3467 0.00518496
3.81443 1.34656 0.00522362
3.81583 1.34643 0.00525197
3.81724 1.3463 0.00527793
3.81864 1.34615 0.00529436
3.82005 1.34601 0.00533443
3.82146 1.34587 0.00537247
3.82287 1.34574 0.00540831
3.82428 1.34561 0.00543727
3.82569 1.34548 0.00547193
3.82711 1.34534 0.00549005
3.82852 1.3452 0.0055201
3.82993 1.34507 0.00555609
3.83135 1.34494 0.00559154
3.83277 1.34481 0.00561832
3.83419 1.34467 0.00563613
3.8356 1.34452 0.00566776
3.83702 1.34439 0.00571913
3.83845 1.34426 0.00576355
3.83987 1.34414 0.00579995
3.84129 1.34401 0.00580916
3.84272 1.34388 0.00583991
3.84414 1.34374 0.00587745
3.84557 1.34361 0.00592211
3.847 1.34349 0.00597347
3.84842 1.34337 0.00599193
3.84985 1.34325 0.00600284
3.85128 1.34311 0.00603154
3.85272 1.34297 0.00607943
3.85415 1.34285 0.00611895
3.85558 1.34273 0.00616224
3.85702 1.34261 0.00618208
3.85846 1.34248 0.00620607
3.85989 1.34235 0.00623951
3.86133 1.34222 0.00627272
3.86277 1.34209 0.00631611
3.86421 1.34198 0.00635913
3.86565 1.34186 0.00638386
3.86709 1.34173 0.00641171
3.86854 1.3416 0.00644688
3.86998 1.34148 0.00648743
3.87143 1.34136 0.00653588
3.87288 1.34125 0.0065735
3.87432 1.34114 0.00658616
3.87577 1.34101 0.00660442
3.87722 1.34089 0.00664693
3.87867 1.34076 0.00667472
3.88013 1.34064 0.00671897
3.88158 1.34053 0.00675391
3.88303 1.34041 0.00677462
3.88449 1.34028 0.00680625
3.88595 1.34016 0.006856
3.8874 1.34005 0.00688853
3.88886 1.33994 0.0069225
3.89032 1.33982 0.00694565
3.89178 1.3397 0.00698954
3.89325 1.33958 0.00702167
3.89471 1.33946 0.00705859
3.89617 1.33935 0.00710217
3.89764 1.33924 0.0071375
3.89911 1.33913 0.0071575
3.90057 1.33901 0.00717463
3.90204 1.33889 0.00723003
3.90351 1.33878 0.00725978
3.90498 1.33867 0.00730153
3.90645 1.33855 0.0073295
3.90793 1.33844 0.00736401
3.9094 1.33833 0.00739445
3.91088 1.33821 0.00744115
3.91235 1.33811 0.0074671
3.91383 1.338 0.00750276
3.91531 1.33788 0.00752977
3.91679 1.33777 0.00755974
3.91827 1.33765 0.00760444
3.91975 1.33755 0.0076533
3.92124 1.33745 0.00766879
3.92272 1.33733 0.00770007
3.92421 1.33722 0.00772735
3.92569 1.3371 0.0077697
3.92718 1.33699 0.00780888
3.92867 1.33689 0.00784999
3.93016 1.33679 0.00787874
3.93165 1.33668 0.00790889
3.93314 1.33657 0.00794157
3.93464 1.33646 0.00797482
3.93613 1.33635 0.00802032
3.93763 1.33625 0.00805195
3.93912 1.33614 0.0080731
3.94062 1.33603 0.00811065
3.94212 1.33593 0.00814202
3.94362 1.33582 0.00817453
3.94512 1.33571 0.00821532
3.94662 1.33561 0.00825432
3.94813 1.3355 0.00827716
3.94963 1.33539 0.00829752
3.95114 1.33528 0.00834525
3.95265 1.33517 0.00838276
3.95415 1.33507 0.00842385
3.95566 1.33497 0.00845317
3.95717 1.33486 0.00847642
3.95869 1.33474 0.00852296
3.9602 1.33464 0.00857095
3.96171 1.33455 0.00860022
3.96323 1.33444 0.00862356
3.96474 1.33433 0.00866669
3.96626 1.33422 0.00869839
3.96778 1.33411 0.00873324
3.9693 1.334 0.00878607
3.97082 1.33391 0.00883573
3.97234 1.33381 0.00886768
3.97387 1.33371 0.00890737
3.97539 1.3336 0.0089278
3.97692 1.3335 0.00899015
3.97844 1.3334 0.00902446
3.97997 1.3333 0.00906407
3.9815 1.3332 0.00910557
3.98303 1.3331 0.00915153
3.98456 1.33301 0.00918529
3.9861 1.33291 0.00922792
3.98763 1.33281 0.00927129
3.98916 1.33272 0.00930356
3.9907 1.33262 0.00934066
3.99224 1.33252 0.00938689
3.99378 1.33243 0.00942669
3.99532 1.33234 0.00947321
3.99686 1.33224 0.0095008
3.9984 1.33215 0.00953971
3.99994 1.33205 0.00956939
4.00149 1.33195 0.00961211
4.00303 1.33186 0.00965669
4.00458 1.33177 0.00969736
4.00613 1.33167 0.00973103
4.00768 1.33158 0.00976886
4.00923 1.33148 0.00981611
4.01078 1.33139 0.00985212
4.01233 1.3313 0.00989483
4.01389 1.33121 0.00992865
4.01544 1.33112 0.00996663
4.017 1.33102 0.0100032
4.01856 1.33093 0.0100468
4.02012 1.33084 0.0100826
4.02168 1.33075 0.0101245
4.02324 1.33066 0.0101618
4.0248 1.33057 0.0101963
4.02636 1.33047 0.0102311
4.02793 1.33038 0.0102815
4.02949 1.33029 0.0103229
4.03106 1.33021 0.0103658
4.03263 1.33012 0.0104027
4.0342 1.33004 0.0104343
4.03577 1.32994 0.0104692
4.03734 1.32985 0.0105049
4.03892 1.32976 0.0105571
4.04049 1.32968 0.0106001
4.04207 1.32959 0.0106319
4.04365 1.3295 0.0106565
4.04522 1.3294 0.0107135
4.0468 1.32931 0.01076
4.04838 1.32923 0.0108065
4.04997 1.32915 0.0108442
4.05155 1.32907 0.010879
4.05314 1.32898 0.0109129
4.05472 1.32889 0.010964
4.05631 1.32881 0.0110093
4.0579 1.32873 0.0110432
4.05949 1.32865 0.0110704
4.06108 1.32856 0.0111095
4.06267 1.32847 0.0111523
4.06426 1.32838 0.0111925
4.06586 1.3283 0.0112405
4.06745 1.32821 0.0112847
4.06905 1.32813 0.0113269
4.07065 1.32805 0.0113569
4.07225 1.32796 0.0114072
4.07385 1.32789 0.0114603
4.07545 1.32782 0.0114993
4.07705 1.32774 0.0115239
4.07866 1.32765 0.0115552
4.08027 1.32756 0.0115937
4.08187 1.32748 0.0116416
4.08348 1.3274 0.0116865
4.08509 1.32732 0.0117229
4.0867 1.32724 0.0117584
4.08831 1.32715 0.0117984
4.08993 1.32707 0.0118454
4.09154 1.32699 0.011897
4.09316 1.32692 0.0119376
4.09478 1.32684 0.0119682
4.09639 1.32675 0.0120106
4.09801 1.32667 0.0120594
4.09964 1.3266 0.0121066
4.10126 1.32653 0.012141
4.10288 1.32645 0.0121764
4.10451 1.32637 0.0122146
4.10613 1.32629 0.0122648
4.10776 1.32622 0.012301
4.10939 1.32614 0.0123325
4.11102 1.32606 0.0123742
4.11265 1.32598 0.0124295
4.11429 1.32591 0.0124636
4.11592 1.32583 0.0125033
4.11755 1.32575 0.0125408
4.11919 1.32568 0.0125866
4.12083 1.3256 0.0126262
4.12247 1.32553 0.0126608
4.12411 1.32545 0.0127012
4.12575 1.32537 0.0127469
4.12739 1.32529 0.0127927
4.12904 1.32522 0.012833
4.13069 1.32515 0.0128782
4.13233 1.32507 0.0129122
4.13398 1.325 0.0129517
4.13563 1.32492 0.0129941
4.13728 1.32484 0.013043
4.13893 1.32477 0.01308
4.14059 1.3247 0.0131279
4.14224 1.32463 0.0131721
4.1439 1.32456 0.0132136
4.14556 1.32448 0.0132472
4.14722 1.32441 0.0132868
4.14888 1.32433 0.01333
4.15054 1.32426 0.0133823
4.1522 1.32419 0.0134105
4.15387 1.32412 0.0134521
4.15553 1.32404 0.0134939
4.1572 1.32397 0.0135419
4.15887 1.3239 0.0135839
4.16054 1.32383 0.0136195
4.16221 1.32375 0.0136587
4.16388 1.32367 0.0137042
4.16555 1.3236 0.0137551
4.16723 1.32353 0.0137949
4.16891 1.32346 0.0138368
4.17058 1.32339 0.0138776
4.17226 1.32332 0.0139183
4.17394 1.32324 0.0139658
4.17563 1.32317 0.0140064
4.17731 1.3231 0.0140431
4.17899 1.32302 0.0140953
4.18068 1.32295 0.0141476
4.18237 1.32288 0.0141916
4.18405 1.32281 0.0142284
4.18574 1.32274 0.0142706
4.18744 1.32266 0.0143166
4.18913 1.32259 0.0143669
4.19082 1.32252 0.0144175
4.19252 1.32244 0.0144683
4.19422 1.32237 0.0145186
4.19591 1.3223 0.0145697
4.19761 1.32224 0.01462
4.19931 1.32217 0.0146709
4.20102 1.3221 0.0147219
4.20272 1.32203 0.0147726
4.20443 1.32197 0.0148233
4.20613 1.3219 0.0148743
4.20784 1.32184 0.0149256
4.20955 1.32177 0.0149763
4.21126 1.32171 0.0150276
4.21297 1.32164 0.0150785
4.21469 1.32158 0.0151298
4.2164 1.32151 0.0151809
4.21812 1.32145 0.0152324
4.21983 1.32139 0.0152836
4.22155 1.32133 0.0153348
4.22327 1.32126 0.0153863
4.225 1.3212 0.0154376
4.22672 1.32114 0.0154894
4.22844 1.32108 0.0155408
4.23017 1.32102 0.0155923
4.2319 1.32096 0.015644
4.23363 1.3209 0.0156957
4.23536 1.32084 0.0157476
4.23709 1.32078 0.015799
4.23882 1.32072 0.015851
4.24056 1.32067 0.0159025
4.24229 1.32061 0.0159549
4.24403 1.32055 0.0160067
4.24577 1.32049 0.0160586
4.24751 1.32044 0.0161106
4.24925 1.32038 0.0161626
4.25099 1.32032 0.0162149
4.25274 1.32027 0.0162668
4.25448 1.32021 0.0163195
4.25623 1.32015 0.0163714
4.25798 1.3201 0.0164239
4.25973 1.32004 0.0164762
4.26148 1.31999 0.0165286
4.26324 1.31994 0.0165809
4.26499 1.31988 0.0166334
4.26675 1.31983 0.0166862
4.2685 1.31977 0.0167387
4.27026 1.31972 0.0167917
4.27202 1.31967 0.0168441
4.27379 1.31961 0.016897
4.27555 1.31956 0.0169497
4.27731 1.31951 0.0170025
4.27908 1.31946 0.0170556
4.28085 1.31941 0.0171083
4.28262 1.31936 0.0171615
4.28439 1.3193 0.0172142
4.28616 1.31925 0.0172675
4.28793 1.3192 0.0173205
4.28971 1.31915 0.0173737
4.29148 1.3191 0.0174269
4.29326 1.31905 0.0174802
4.29504 1.319 0.0175337
4.29682 1.31895 0.0175868
4.29861 1.3189 0.0176405
4.30039 1.31885 0.0176936
4.30217 1.3188 0.017748
4.30396 1.31875 0.0178039
4.30575 1.31869 0.017844
4.30754 1.31864 0.0179164
4.30933 1.31859 0.0179672
4.31112 1.31854 0.0180374
4.31292 1.3185 0.0180909
4.31471 1.31845 0.0181496
4.31651 1.3184 0.018205
4.31831 1.31835 0.0182645
4.32011 1.31831 0.0183235
4.32191 1.31826 0.0183853
4.32371 1.31821 0.0184446
4.32552 1.31817 0.0185046
4.32733 1.31812 0.0185622
4.32913 1.31808 0.0186334
4.33094 1.31804 0.0186887
4.33275 1.31799 0.0187509
4.33457 1.31795 0.0188147
4.33638 1.31791 0.0188694
4.3382 1.31786 0.0189224
4.34001 1.31782 0.019003
4.34183 1.31778 0.0190621
4.34365 1.31774 0.0191277
4.34547 1.3177 0.0191804
4.3473 1.31766 0.0192465
4.34912 1.31762 0.0193107
4.35095 1.31758 0.0193733
4.35277 1.31754 0.0194393
4.3546 1.31749 0.0194938
4.35643 1.31745 0.0195796
4.35827 1.3174 0.0196395
4.3601 1.31737 0.0197356
4.36193 1.31734 0.0197989
4.36377 1.31731 0.0198792
4.36561 1.31728 0.0199278
4.36745 1.31724 0.0200086
4.36929 1.31721 0.0200724
4.37113 1.31717 0.0201473
4.37298 1.31714 0.0202261
4.37482 1.31711 0.0203126
4.37667 1.31709 0.0203822
4.37852 1.31706 0.0204643
4.38037 1.31704 0.0205363
4.38222 1.31702 0.020633
4.38408 1.31701 0.0206911
4.38593 1.31699 0.0207796
4.38779 1.31697 0.0208262
4.38965 1.31695 0.0209198
4.39151 1.31693 0.0210003
4.39337 1.31693 0.0210846
4.39524 1.31693 0.0211578
4.3971 1.31691 0.0211975
4.39897 1.31689 0.0212795
4.40084 1.31687 0.0213351
4.4027 1.31686 0.0214485
4.40458 1.31686 0.0215045
4.40645 1.31685 0.021584
4.40832 1.31684 0.0216496
4.4102 1.31683 0.0217401
4.41208 1.31683 0.0218178
4.41396 1.31683 0.0218907
4.41584 1.31683 0.0219728
4.41772 1.31683 0.0220244
4.4196 1.31683 0.0221081
4.42149 1.31682 0.0221761
4.42338 1.31682 0.0222717
4.42527 1.31684 0.0223533
4.42716 1.31686 0.0224401
4.42905 1.31687 0.0224763
4.43094 1.31687 0.0225463
4.43284 1.31687 0.0226294
4.43474 1.31689 0.0227289
4.43663 1.31691 0.0227959
4.43853 1.31693 0.0228653
4.44044 1.31695 0.0229166
4.44234 1.31696 0.0230044
4.44424 1.31699 0.0230778
4.44615 1.31702 0.0231491
4.44806 1.31704 0.0232087
4.44997 1.31707 0.0232773
4.45188 1.31709 0.0233344
4.4538 1.31712 0.023425
4.45571 1.31716 0.0234825
4.45763 1.31718 0.0235334
4.45955 1.31721 0.0236182
4.46147 1.31726 0.0236815
4.46339 1.3173 0.0237371
4.46531 1.31733 0.0237824
4.46724 1.31737 0.023858
4.46916 1.31741 0.0239088
4.47109 1.31745 0.0239824
4.47302 1.3175 0.0240256
4.47495 1.31754 0.0240681
4.47689 1.31758 0.0241353
4.47882 1.31764 0.0241975
4.48076 1.31769 0.0242432
4.48269 1.31775 0.0242955
4.48463 1.3178 0.0243253
4.48658 1.31784 0.0243683
4.48852 1.31789 0.0244237
4.49046 1.31796 0.0244844
4.49241 1.31802 0.0245115
4.49436 1.31808 0.0245462
4.49631 1.31813 0.0245703
4.49826 1.31819 0.0246216
4.50022 1.31825 0.0246495
4.50217 1.31831 0.0246941
4.50413 1.31838 0.0247309
4.50609 1.31845 0.0247483
4.50805 1.31851 0.0247762
4.51001 1.31857 0.0247942
4.51197 1.31863 0.0248312
4.51394 1.3187 0.0248578
4.5159 1.31878 0.0248905
4.51787 1.31886 0.0248892
4.51984 1.31893 0.024895
4.52182 1.31898 0.0249006
4.52379 1.31905 0.0249391
4.52577 1.31914 0.0249575
4.52774 1.31922 0.0249497
4.52972 1.31929 0.0249323
4.5317 1.31935 0.024938
4.53369 1.31943 0.0249569
4.53567 1.31951 0.0249523
4.53766 1.31958 0.0249462
4.53964 1.31966 0.0249447
4.54163 1.31974 0.0249219
4.54362 1.31981 0.0249191
4.54562 1.31988 0.024894
4.54761 1.31996 0.0248979
4.54961 1.32004 0.0248649
4.55161 1.32012 0.0248418
4.55361 1.32019 0.0248015
4.55561 1.32026 0.024779
4.55761 1.32033 0.0247689
4.55962 1.32041 0.0247334
4.56163 1.32049 0.0247159
4.56363 1.32057 0.0246497
4.56565 1.32063 0.0246045
4.56766 1.32069 0.0245662
4.56967 1.32076 0.0245521
4.57169 1.32084 0.0245055
4.57371 1.32092 0.0244542
4.57573 1.32099 0.024388
4.57775 1.32104 0.0243267
4.57977 1.3211 0.0242934
4.58179 1.32117 0.0242491
4.58382 1.32125 0.0241997
4.58585 1.32132 0.0241168
4.58788 1.32137 0.0240455
4.58991 1.32143 0.0239941
4.59195 1.32149 0.0239227
4.59398 1.32155 0.0238681
4.59602 1.32162 0.0237823
4.59806 1.32167 0.0237116
4.6001 1.32173 0.0236273
4.60214 1.32177 0.0235368
4.60419 1.32181 0.0234885
4.60623 1.32187 0.0234305
4.60828 1.32194 0.0233396
4.61033 1.32198 0.023215
4.61238 1.32201 0.0231527
4.61444 1.32205 0.0230664
4.61649 1.3221 0.0230071
4.61855 1.32216 0.0229123
4.62061 1.32221 0.0227961
4.62267 1.32223 0.0226854
4.62474 1.32226 0.0225987
4.6268 1.32229 0.0225136
4.62887 1.32233 0.0224293
4.63094 1.32236 0.0223242
4.63301 1.32239 0.0222039
4.63508 1.3224 0.0221135
4.63715 1.32243 0.0220231
4.63923 1.32245 0.0219278
4.64131 1.32248 0.0218297
4.64339 1.32251 0.021719
4.64547 1.32252 0.0215934
4.64755 1.32253 0.0214862
4.64964 1.32254 0.0213898
4.65172 1.32255 0.0212932
4.65381 1.32257 0.0211966
4.6559 1.32259 0.0210701
4.658 1.32259 0.0209223
4.66009 1.32257 0.0208252
4.66219 1.32257 0.0207338
4.66429 1.32259 0.0206463
4.66639 1.3226 0.0204993
4.66849 1.32259 0.0203822
4.67059 1.32257 0.0202362
4.6727 1.32254 0.0201444
4.67481 1.32254 0.020057
4.67692 1.32254 0.0199486
4.67903 1.32253 0.0198168
4.68114 1.32251 0.0196815
4.68326 1.32249 0.0195749
4.68537 1.32246 0.019458
4.68749 1.32245 0.0193612
4.68962 1.32243 0.019226
4.69174 1.3224 0.0191065
4.69386 1.32237 0.0189889
4.69599 1.32233 0.0188639
4.69812 1.3223 0.0187587
4.70025 1.32227 0.0186495
4.70238 1.32224 0.0185377
4.70452 1.32221 0.0184086
4.70666 1.32216 0.018272
4.70879 1.32211 0.0181719
4.71093 1.32207 0.0180564
4.71308 1.32203 0.0179638
4.71522 1.32199 0.0178138
4.71737 1.32194 0.017693
4.71952 1.32187 0.0175612
4.72167 1.32181 0.0174702
4.72382 1.32176 0.0173678
4.72597 1.32171 0.0172662
4.72813 1.32166 0.0171425
4.73029 1.3216 0.0170074
4.73245 1.32153 0.016905
4.73461 1.32146 0.0167953
4.73678 1.3214 0.016708
4.73894 1.32135 0.0165843
4.74111 1.32129 0.0164693
4.74328 1.32121 0.0163305
4.74545 1.32112 0.0162366
4.74763 1.32105 0.0161416
4.7498 1.32099 0.0160454
4.75198 1.32092 0.0159314
4.75416 1.32085 0.0158077
4.75634 1.32076 0.0156918
4.75853 1.32067 0.0155874
4.76071 1.32058 0.0155042
4.7629 1.32051 0.0154118
4.76509 1.32043 0.0152875
4.76728 1.32034 0.0151799
4.76948 1.32024 0.0150783
4.77167 1.32015 0.0150036
4.77387 1.32007 0.01492
4.77607 1.31999 0.0148182
4.77827 1.3199 0.0146896
4.78048 1.31979 0.0146036
4.78268 1.3197 0.0145177
4.78489 1.3196 0.0144268
4.7871 1.31951 0.0143555
4.78932 1.31942 0.0142394
4.79153 1.31933 0.014163
4.79375 1.31923 0.014056
4.79597 1.31912 0.0139691
4.79819 1.31902 0.0138893
4.80041 1.31893 0.0138263
4.80263 1.31884 0.0137116
4.80486 1.31873 0.0136123
4.80709 1.31862 0.013538
4.80932 1.31851 0.0134479
4.81155 1.3184 0.0133808
4.81379 1.31831 0.013315
4.81603 1.31821 0.0132212
4.81826 1.3181 0.0131199
4.82051 1.31798 0.0130384
4.82275 1.31787 0.0129765
4.825 1.31776 0.0129073
4.82724 1.31767 0.0128455
4.82949 1.31756 0.0127356
4.83174 1.31744 0.0126637
4.834 1.31733 0.012597
4.83625 1.31721 0.0125168
4.83851 1.31711 0.0124691
4.84077 1.317 0.0123777
4.84303 1.31689 0.0123047
4.8453 1.31677 0.012229
4.84757 1.31665 0.0121746
4.84983 1.31654 0.0120877
4.85211 1.31642 0.0120443
4.85438 1.31632 0.0119688
4.85665 1.3162 0.0118889
4.85893 1.31608 0.0118223
4.86121 1.31596 0.0117471
4.86349 1.31583 0.0116936
4.86578 1.31572 0.0116408
4.86806 1.31561 0.0115752
4.87035 1.31549 0.0114889
4.87264 1.31536 0.0114341
4.87493 1.31524 0.0113753
4.87723 1.31512 0.0113224
4.87952 1.31501 0.0112583
4.88182 1.31488 0.0111913
4.88412 1.31476 0.0111313
4.88642 1.31464 0.0110675
4.88873 1.31451 0.0110096
4.89104 1.31439 0.0109448
4.89335 1.31425 0.0108858
4.89566 1.31413 0.0108465
4.89797 1.314 0.0107878
4.90029 1.31388 0.0107396
4.90261 1.31376 0.0106625
4.90493 1.31363 0.0106299
4.90725 1.3135 0.0105522
4.90958 1.31337 0.0105161
4.9119 1.31324 0.0104511
4.91423 1.31311 0.0103896
4.91656 1.31297 0.0103547
4.9189 1.31284 0.0103008
4.92123 1.31272 0.0102693
4.92357 1.31259 0.0101899
4.92591 1.31245 0.0101468
4.92825 1.31231 0.0100809
4.9306 1.31218 0.010067
4.93295 1.31205 0.0100027
4.9353 1.31191 0.0099558
4.93765 1.31177 0.00991048
4.94 1.31163 0.00987014
4.94236 1.3115 0.00983075
4.94472 1.31136 0.0097735
4.94708 1.31122 0.00973277
4.94944 1.31108 0.00968471
4.9518 1.31094 0.00965448
4.95417 1.31081 0.00961843
4.95654 1.31066 0.00955707
4.95891 1.31052 0.0095298
4.96129 1.31037 0.00948124
4.96366 1.31023 0.0094709
4.96604 1.31009 0.00940489
4.96842 1.30994 0.00937837
4.97081 1.3098 0.00935514
4.97319 1.30966 0.00930966
4.97558 1.30952 0.0092736
4.97797 1.30936 0.00922205
4.98036 1.30921 0.00919835
4.98276 1.30905 0.00917831
4.98515 1.30892 0.00917134
4.98755 1.30877 0.00912122
4.98996 1.30863 0.00909618
4.99236 1.30847 0.00906011
4.99477 1.30832 0.00904989
4.99717 1.30818 0.00902694
4.99959 1.30804 0.00899217
5.002 1.30789 0.00895513
5.00441 1.30773 0.00893056
5.00683 1.30757 0.00891556
5.00925 1.30742 0.00890533
5.01167 1.30728 0.00888565
5.0141 1.30713 0.00885292
5.01653 1.30697 0.0088278
5.01896 1.30682 0.00882433
5.02139 1.30667 0.00878288
5.02382 1.3065 0.00877728
5.02626 1.30635 0.00878103
5.0287 1.30621 0.00874999
5.03114 1.30605 0.00873613
5.03358 1.30589 0.00872068
5.03603 1.30573 0.00871337
5.03848 1.30558 0.00871001
5.04093 1.30544 0.00870888
5.04338 1.30528 0.00867396
5.04584 1.30512 0.00866959
5.0483 1.30496 0.00864635
5.05076 1.3048 0.00867092
5.05322 1.30466 0.00867099
5.05569 1.30452 0.00864635
5.05815 1.30435 0.00860979
5.06062 1.30418 0.00860945
5.0631 1.30402 0.00863914
5.06557 1.30387 0.00863396
5.06805 1.30372 0.00862874
5.07053 1.30356 0.00861105
5.07301 1.3034 0.00861147
5.0755 1.30323 0.00861848
5.07798 1.30308 0.00862113
5.08047 1.30292 0.00863667
5.08296 1.30277 0.00864025
5.08546 1.30262 0.00863141
5.08796 1.30246 0.00862225
5.09045 1.30229 0.00862941
5.09296 1.30214 0.00864124
5.09546 1.30198 0.00864702
5.09797 1.30184 0.00867321
5.10048 1.30169 0.00863012
5.10299 1.30151 0.00862516
5.1055 1.30132 0.0085879
5.10802 1.30114 0.0086784
5.11054 1.301 0.0087062
5.11306 1.30085 0.00868297
5.11558 1.30068 0.0086768
5.11811 1.3005 0.00869107
5.12064 1.30034 0.00874568
5.12317 1.3002 0.00876273
5.12571 1.30005 0.00875224
5.12824 1.29987 0.00872896
5.13078 1.29969 0.0087656
5.13332 1.29952 0.00878855
5.13587 1.29936 0.00882196
5.13841 1.2992 0.00882862
5.14096 1.29903 0.00884361
5.14351 1.29886 0.00886201
5.14607 1.29869 0.00888711
5.14863 1.29852 0.00890767
5.15118 1.29836 0.00894784
5.15375 1.2982 0.0089818
5.15631 1.29805 0.00899007
5.15888 1.29787 0.0089884
5.16145 1.29769 0.00902037
5.16402 1.29751 0.00904977
5.16659 1.29734 0.00912596
5.16917 1.29719 0.00914879
5.17175 1.29703 0.00916693
5.17433 1.29685 0.00918313
5.17692 1.29667 0.00923832
5.17951 1.29651 0.00929645
5.1821 1.29636 0.00934865
5.18469 1.29621 0.0093565
5.18728 1.29604 0.0093729
5.18988 1.29586 0.0094285
5.19248 1.2957 0.00947427
5.19509 1.29554 0.00952787
5.19769 1.29539 0.00955377
5.2003 1.29523 0.00958623
5.20291 1.29506 0.00961277
5.20552 1.29489 0.00966313
5.20814 1.29473 0.00970625
5.21076 1.29457 0.00975057
5.21338 1.29442 0.00980729
5.21601 1.29426 0.00980885
5.21863 1.29408 0.00985189
5.22126 1.29391 0.00990345
5.22389 1.29374 0.0099484
5.22653 1.29358 0.0100165
5.22917 1.29343 0.0100487
5.23181 1.29327 0.0100778
5.23445 1.29309 0.0101043
5.23709 1.29291 0.0101739
5.23974 1.29276 0.0102481
5.24239 1.29261 0.0102898
5.24505 1.29244 0.0102943
5.2477 1.29226 0.0103444
5.25036 1.29209 0.0104303
5.25302 1.29193 0.0104878
5.25569 1.29179 0.0105514
5.25835 1.29163 0.010558
5.26102 1.29145 0.0105973
5.2637 1.29127 0.010651
5.26637 1.29111 0.0107295
5.26905 1.29095 0.0107843
5.27173 1.2908 0.0108282
5.27441 1.29063 0.0108615
5.2771 1.29045 0.0109035
5.27979 1.29027 0.0109689
5.28248 1.29011 0.0110446
5.28517 1.28995 0.0110883
5.28787 1.28979 0.0111334
5.29057 1.28961 0.0111726
5.29327 1.28943 0.0112396
5.29598 1.28926 0.0112951
5.29868 1.28909 0.0113702
5.3014 1.28893 0.0114418
5.30411 1.28878 0.0114895
5.30682 1.2886 0.0115187
5.30954 1.28842 0.0115739
5.31227 1.28824 0.0116467
5.31499 1.28807 0.011723
5.31772 1.28791 0.0117831
5.32045 1.28774 0.0118254
5.32318 1.28755 0.0118757
5.32592 1.28737 0.0119473
5.32866 1.2872 0.0120465
5.3314 1.28704 0.0121022
5.33414 1.28687 0.0121525
5.33689 1.28669 0.0121945
5.33964 1.2865 0.0122791
5.34239 1.28632 0.0123413
5.34515 1.28615 0.0124303
5.34791 1.28599 0.0125178
5.35067 1.28583 0.0125618
5.35343 1.28565 0.0125899
5.3562 1.28546 0.0126661
5.35897 1.28527 0.0127373
5.36174 1.28509 0.0128084
5.36452 1.28491 0.0128845
5.36729 1.28474 0.012944
5.37008 1.28455 0.0130002
5.37286 1.28435 0.0130749
5.37565 1.28416 0.0131549
5.37844 1.28398 0.0132507
5.38123 1.28381 0.0133253
5.38403 1.28362 0.0133724
5.38683 1.28343 0.0134542
5.38963 1.28324 0.0135243
5.39243 1.28304 0.0136183
5.39524 1.28286 0.0136998
5.39805 1.28268 0.0137621
5.40086 1.28248 0.0138208
5.40368 1.28228 0.0139302
5.4065 1.28209 0.0140071
5.40932 1.28189 0.0140773
5.41215 1.28169 0.0141608
5.41497 1.28149 0.0142517
5.41781 1.28129 0.0143462
5.42064 1.28111 0.0144856
5.42348 1.28094 0.0145315
5.42632 1.28073 0.0145847
5.42916 1.28052 0.0146867
5.432 1.28032 0.0147804
5.43485 1.28012 0.0148579
5.43771 1.27991 0.0149514
5.44056 1.2797 0.0150429
5.44342 1.27949 0.0151421
5.44628 1.27929 0.0152532
5.44914 1.27908 0.0153208
5.45201 1.27887 0.0154334
5.45488 1.27865 0.0155192
5.45775 1.27844 0.0156404
5.46063 1.27823 0.0157378
5.46351 1.27803 0.0158709
5.46639 1.27782 0.015943
5.46927 1.27761 0.0160477
5.47216 1.27739 0.0161469
5.47505 1.27717 0.0162376
5.47795 1.27694 0.0163705
5.48085 1.27673 0.0164646
5.48375 1.2765 0.0165803
5.48665 1.27628 0.0166888
5.48956 1.27605 0.0167852
5.49247 1.27581 0.0168944
5.49538 1.27558 0.0170325
5.49829 1.27535 0.0171655
5.50121 1.27513 0.0172954
5.50413 1.2749 0.0173919
5.50706 1.27467 0.0175261
5.50999 1.27442 0.0176341
5.51292 1.27419 0.0177918
5.51585 1.27396 0.0178964
5.51879 1.27372 0.0180394
5.52173 1.27347 0.0181469
5.52468 1.27322 0.0182993
5.52762 1.27297 0.0184399
5.53057 1.27272 0.018582
5.53353 1.27248 0.0187226
5.53648 1.27223 0.0188772
5.53944 1.27198 0.0190146
5.5424 1.27173 0.0191546
5.54537 1.27146 0.0192863
5.54834 1.27119 0.0194669
5.55131 1.27095 0.0196376
5.55429 1.27069 0.0197723
5.55727 1.27042 0.0199168
5.56025 1.27014 0.0200767
5.56323 1.26986 0.0202578
5.56622 1.26959 0.0204421
5.56921 1.26934 0.020641
5.57221 1.26907 0.0207609
5.57521 1.26878 0.0209264
5.57821 1.26846 0.0210841
5.58121 1.26816 0.0213662
5.58422 1.26791 0.0215682
5.58723 1.26764 0.0217432
5.59024 1.26735 0.0219122
5.59326 1.26705 0.0221302
5.59628 1.26676 0.0223404
5.5993 1.26647 0.022543
5.60233 1.26618 0.0227837
5.60536 1.26589 0.0229822
5.6084 1.26559 0.0231983
5.61143 1.26528 0.0234056
5.61447 1.26496 0.0236355
5.61752 1.26464 0.0238649
5.62056 1.26433 0.0241477
5.62361 1.26402 0.024373
5.62667 1.2637 0.0246314
5.62972 1.26338 0.0248588
5.63278 1.26304 0.0251481
5.63585 1.26271 0.0253942
5.63891 1.26237 0.0256964
5.64198 1.26202 0.0259376
5.64506 1.26167 0.0262896
5.64813 1.26133 0.0266031
5.65121 1.26099 0.0269312
5.6543 1.26067 0.0272895
5.65739 1.26034 0.0275896
5.66048 1.26 0.027918
5.66357 1.25965 0.0282771
5.66667 1.25931 0.0286485
5.66977 1.25897 0.029005
5.67287 1.25863 0.0294
5.67598 1.25829 0.0297753
5.67909 1.25796 0.0301825
5.6822 1.25762 0.0305822
5.68532 1.25729 0.0310077
5.68844 1.25695 0.0314113
5.69157 1.25663 0.0318697
5.69469 1.25629 0.0322728
5.69782 1.25596 0.03275
5.70096 1.25564 0.0331905
5.7041 1.2553 0.0336301
5.70724 1.25494 0.0340989
5.71038 1.25461 0.0346546
5.71353 1.25429 0.0351256
5.71668 1.25397 0.0356536
5.71984 1.25363 0.0361509
5.723 1.2533 0.0367206
5.72616 1.25299 0.0372762
5.72933 1.25266 0.0378237
5.7325 1.25233 0.0384072
5.73567 1.25202 0.0390443
5.73884 1.25173 0.0396414
5.74202 1.25142 0.0402639
5.74521 1.25113 0.0409402
5.7484 1.25085 0.0415814
5.75159 1.25057 0.0422664
5.75478 1.2503 0.042957
5.75798 1.25006 0.0436832
5.76118 1.24981 0.0443504
5.76438 1.24952 0.0450361
5.76759 1.24923 0.0458455
5.7708 1.24902 0.0467426
5.77402 1.24885 0.0475253
5.77724 1.24867 0.0483442
5.78046 1.2485 0.0492008
5.78369 1.24837 0.0500688
5.78692 1.24826 0.0509473
5.79015 1.24817 0.0518054
5.79339 1.24809 0.0527039
5.79663 1.24803 0.0536067
5.79987 1.248 0.0545397
5.80312 1.248 0.0554753
5.80637 1.24803 0.0564307
5.80963 1.24809 0.0573578
5.81289 1.24818 0.0583163
5.81615 1.24828 0.0592166
5.81941 1.24837 0.0601437
5.82268 1.24847 0.0611098
5.82596 1.24863 0.0621846
5.82923 1.2489 0.063238
5.83252 1.24918 0.0641391
5.8358 1.24945 0.0650729
5.83909 1.24974 0.0660741
5.84238 1.25009 0.067029
5.84568 1.25047 0.0679729
5.84898 1.25086 0.0688906
5.85228 1.25127 0.069806
5.85559 1.2517 0.0707256
5.8589 1.25217 0.0716447
5.86221 1.25267 0.0725506
5.86553 1.25318 0.0733846
5.86885 1.2537 0.0742647
5.87218 1.25426 0.0751374
5.87551 1.25486 0.0759924
5.87884 1.25546 0.0767977
5.88218 1.25613 0.0776868
5.88552 1.2568 0.0783541
5.88886 1.25745 0.0791331
5.89221 1.25812 0.0798622
5.89556 1.25887 0.0807258
5.89892 1.25964 0.0812813
5.90228 1.26037 0.0819545
5.90564 1.26111 0.082583
5.90901 1.26186 0.0832155
5.91238 1.26263 0.0838289
5.91576 1.26342 0.0844496
5.91914 1.26423 0.085
5.92252 1.26504 0.0855413
5.92591 1.26585 0.0860572
5.9293 1.26665 0.0865569
5.93269 1.26751 0.0871439
5.93609 1.26841 0.0875998
5.93949 1.2693 0.0880016
5.9429 1.27017 0.088357
5.94631 1.27102 0.0887335
5.94972 1.27187 0.0890821
5.95314 1.27274 0.0894808
5.95656 1.27364 0.0898135
5.95999 1.27456 0.0901202
5.96342 1.27545 0.0903105
5.96685 1.2763 0.0905598
5.97029 1.27719 0.0908589
5.97373 1.27811 0.0910622
5.97718 1.27902 0.0912388
5.98063 1.27992 0.0913511
5.98408 1.28078 0.09145
5.98754 1.28162 0.091567
5.991 1.28247 0.0917221
5.99446 1.28336 0.091838
5.99793 1.28425 0.0919186
6.00141 1.28513 0.0919284
6.00488 1.28597 0.091932
6.00837 1.2868 0.0919608
6.01185 1.28765 0.0920073
6.01534 1.28852 0.0920032
6.01884 1.28938 0.0919681
6.02233 1.29022 0.0918782
6.02584 1.29103 0.0918263
6.02934 1.29185 0.0917602
6.03285 1.29269 0.0917357
6.03637 1.29355 0.0916355
6.03988 1.29443 0.0915057
6.04341 1.29524 0.0912184
6.04693 1.29597 0.0910401
6.05046 1.29669 0.0908953
6.054 1.2975 0.0909478
6.05754 1.29841 0.0908146
6.06108 1.29929 0.0905196
6.06463 1.30009 0.0902243
6.06818 1.30089 0.090015
6.07173 1.30173 0.0897999
6.07529 1.30262 0.0895442
6.07886 1.30348 0.0890824
6.08243 1.30426 0.088675
6.086 1.30503 0.0882778
6.08957 1.30581 0.0878798
6.09315 1.3066 0.0874387
6.09674 1.30737 0.0869339
6.10033 1.30811 0.0863821
6.10392 1.30881 0.0858131
6.10752 1.30948 0.0852348
6.11112 1.31011 0.0846314
6.11473 1.31075 0.0840796
6.11834 1.31136 0.0833994
6.12195 1.31193 0.0827633
6.12557 1.31246 0.0820204
6.12919 1.31293 0.081376
6.13282 1.3134 0.0806906
6.13645 1.31385 0.0800139
6.14009 1.31426 0.0792662
6.14373 1.31461 0.0785235
6.14737 1.31491 0.0778029
6.15102 1.31519 0.0771164
6.15468 1.31545 0.0764072
6.15833 1.31565 0.0756613
6.162 1.31582 0.0750062
6.16566 1.31596 0.074337
6.16933 1.31609 0.0737009
6.17301 1.31619 0.0730697
6.17669 1.31628 0.0724467
6.18037 1.31633 0.0718186
6.18406 1.31635 0.0712228
6.18775 1.31634 0.0706502
6.19145 1.31632 0.0701509
6.19515 1.31631 0.0696761
6.19886 1.31631 0.069174
6.20257 1.31628 0.068693
6.20628 1.31623 0.0682397
6.21 1.31618 0.0678093
6.21372 1.31614 0.0674206
6.21745 1.31611 0.0670425
6.22118 1.31609 0.0666488
6.22492 1.31606 0.0662468
6.22866 1.316 0.0658524
6.23241 1.31594 0.0655084
6.23616 1.31588 0.0651547
6.23991 1.31584 0.064848
6.24367 1.31579 0.0644867
6.24744 1.31573 0.0641535
6.25121 1.31565 0.0638364
6.25498 1.31559 0.0635799
6.25876 1.31554 0.0632813
6.26254 1.31549 0.0629965
6.26633 1.31542 0.0626948
6.27012 1.31535 0.0624451
6.27392 1.31529 0.0622017
6.27772 1.31526 0.0619672
6.28152 1.31521 0.0616886
6.28533 1.31516 0.0614408
6.28915 1.3151 0.0611761
6.29297 1.31503 0.0609512
6.29679 1.31498 0.0607355
6.30062 1.31493 0.0605079
6.30445 1.31488 0.0602729
6.30829 1.31483 0.0600718
6.31213 1.31477 0.0598207
6.31598 1.3147 0.0596245
6.31983 1.31466 0.0594437
6.32369 1.31461 0.0592274
6.32755 1.31457 0.0590232
6.33141 1.31451 0.0588027
6.33528 1.31444 0.0585961
6.33916 1.31435 0.0583928
6.34304 1.31432 0.0583387
6.34693 1.31431 0.0580649
6.35082 1.31423 0.0578318
6.35471 1.31411 0.0576274
6.35861 1.31399 0.0575126
6.36251 1.31393 0.0574969
6.36642 1.31396 0.0574286
6.37034 1.314 0.0572178
6.37425 1.31398 0.0569956
6.37818 1.31393 0.0568136
6.38211 1.31389 0.0566823
6.38604 1.31387 0.056506
6.38998 1.31385 0.0563645
6.39392 1.31382 0.0561334
6.39787 1.31378 0.0559754
6.40182 1.31373 0.0557736
6.40578 1.31369 0.0556538
6.40974 1.31368 0.0554581
6.41371 1.31357 0.0550932
6.41768 1.31339 0.0550142
6.42166 1.3133 0.0549784
6.42564 1.31328 0.0549204
6.42962 1.31325 0.0547384
6.43362 1.31319 0.0545934
6.43761 1.31313 0.0544865
6.44161 1.3131 0.0543796
6.44562 1.31305 0.0542033
6.44963 1.31298 0.0540996
6.45365 1.31294 0.0540127
6.45767 1.31292 0.0538715
6.4617 1.31287 0.0537086
6.46573 1.31279 0.0535592
6.46977 1.31273 0.0534977
6.47381 1.31269 0.0533804
6.47785 1.31264 0.0532672
6.48191 1.31262 0.0531939
6.48596 1.3126 0.0530148
6.49003 1.31248 0.0527977
6.49409 1.31241 0.0528858
6.49817 1.31246 0.0528365
6.50224 1.31248 0.052605
6.50632 1.31241 0.0523971
6.51041 1.31233 0.0522912
6.51451 1.31225 0.0521595
6.5186 1.31222 0.0521643
6.52271 1.3122 0.0519788
6.52681 1.31215 0.0518572
6.53093 1.3121 0.0517172
6.53505 1.31204 0.0516178
6.53917 1.31197 0.051453
6.5433 1.31191 0.0514176
6.54743 1.31187 0.0512862
6.55157 1.31182 0.0511492
6.55572 1.31174 0.0510104
6.55987 1.31165 0.0509374
6.56402 1.3116 0.0508763
6.56818 1.31154 0.05073
6.57235 1.31147 0.0506811
6.57652 1.31143 0.0506223
6.5807 1.31142 0.0505151
6.58488 1.31136 0.0503461
6.58907 1.31127 0.0502268
6.59326 1.31119 0.0501717
6.59746 1.31115 0.0501204
6.60166 1.31111 0.049993
6.60587 1.31104 0.0498543
6.61008 1.31093 0.0497405
6.6143 1.31086 0.0497547
6.61852 1.31081 0.0496579
6.62275 1.31077 0.0495969
6.62699 1.3107 0.0494505
6.63123 1.31064 0.049471
6.63548 1.31065 0.0494042
6.63973 1.31058 0.0491471
6.64398 1.31046 0.0491168
6.64825 1.3104 0.049102
6.65251 1.31037 0.0490349
6.65679 1.31032 0.0489013
6.66107 1.31023 0.0488291
6.66535 1.31016 0.0487844
6.66964 1.31014 0.0487846
6.67394 1.31013 0.0486277
6.67824 1.31004 0.0484924
6.68254 1.30996 0.0484534
6.68686 1.30989 0.0483639
6.69117 1.30983 0.048355
6.6955 1.30979 0.0482678
6.69983 1.30975 0.0481848
6.70416 1.30967 0.0480765
6.7085 1.30961 0.0480537
6.71285 1.30956 0.0479815
6.7172 1.30952 0.0479195
6.72156 1.30946 0.0477864
6.72592 1.30939 0.0477454
6.73029 1.30931 0.0476418
6.73466 1.30924 0.0476311
6.73904 1.30919 0.0475563
6.74343 1.30915 0.0475151
6.74782 1.3091 0.047422
6.75221 1.30905 0.0473716
6.75662 1.30898 0.0472348
6.76102 1.30891 0.0472328
6.76544 1.30885 0.047131
6.76986 1.30879 0.0471131
6.77428 1.30876 0.0470535
6.77871 1.30872 0.0469286
6.78315 1.3086 0.0467329
6.78759 1.30844 0.0467617
6.79204 1.3084 0.0468832
6.7965 1.30843 0.0468085
6.80096 1.30839 0.0466478
6.80542 1.3083 0.0465544
6.8099 1.3082 0.0465036
6.81438 1.30812 0.0464979
6.81886 1.30806 0.0464652
6.82335 1.30804 0.0464932
6.82784 1.30803 0.0463652
6.83235 1.30795 0.0462363
6.83685 1.30785 0.0461991
6.84137 1.30779 0.0462118
6.84589 1.30775 0.0461411
6.85041 1.30769 0.046074
6.85494 1.30762 0.0460317
6.85948 1.30758 0.0460264
6.86403 1.30755 0.0459444
6.86858 1.30749 0.0458411
6.87313 1.30741 0.0458119
6.87769 1.30737 0.0457943
6.88226 1.30732 0.0456816
6.88683 1.30724 0.0456157
6.89141 1.30717 0.045579
6.896 1.30711 0.0455609
6.90059 1.30705 0.0455083
6.90519 1.30703 0.0455119
6.90979 1.30698 0.0453351
6.91441 1.30688 0.0453044
6.91902 1.3068 0.0452601
6.92364 1.30675 0.045284
6.92827 1.30672 0.0452091
6.93291 1.30667 0.04513
6.93755 1.30658 0.0450352
6.9422 1.30649 0.0450246
6.94685 1.30643 0.0450393
6.95151 1.3064 0.0450024
6.95618 1.30639 0.04498
6.96085 1.30633 0.0447966
6.96553 1.30622 0.0447868
6.97021 1.30615 0.0447861
6.97491 1.30612 0.044783
6.9796 1.30608 0.0446955
6.98431 1.30603 0.0446818
6.98902 1.30599 0.0446046
6.99374 1.30594 0.0445626
6.99846 1.30588 0.0444735
7.00319 1.30584 0.0444821
7.00792 1.3058 0.0443836
7.01267 1.30576 0.0443644
7.01742 1.30569 0.0441889
7.02217 1.30561 0.0442106
7.02693 1.30553 0.0441124
7.0317 1.30551 0.0442037
7.03648 1.30551 0.0440026
7.04126 1.30541 0.0438685
7.04604 1.30526 0.0437744
7.05084 1.30514 0.0438302
7.05564 1.30509 0.0438444
7.06045 1.30507 0.043843
7.06526 1.30504 0.0437186
7.07008 1.30496 0.0436593
7.07491 1.30487 0.0435837
7.07974 1.3048 0.0436152
7.08458 1.30476 0.0435416
7.08943 1.30472 0.0435314
7.09428 1.30466 0.0433891
7.09914 1.30457 0.0433621
7.10401 1.30447 0.0432931
7.10888 1.30441 0.0433456
7.11376 1.30438 0.0432607
7.11865 1.30434 0.0432489
7.12354 1.30428 0.043094
7.12844 1.3042 0.04307
7.13335 1.3041 0.0429793
7.13826 1.30403 0.0430196
7.14318 1.30398 0.0429568
7.14811 1.30396 0.0429635
7.15305 1.3039 0.042758
7.15799 1.3038 0.0427616
7.16293 1.30372 0.042654
7.16789 1.30362 0.0426419
7.17285 1.30354 0.0426117
7.17782 1.3035 0.0426164
7.18279 1.30342 0.0424499
7.18778 1.30332 0.0424879
7.19276 1.30325 0.0424141
7.19776 1.30322 0.0424796
7.20276 1.30317 0.0422834
7.20777 1.30307 0.0422482
7.21279 1.30295 0.0421406
7.21781 1.30286 0.0422435
7.22285 1.30281 0.0421355
7.22788 1.30276 0.0421852
7.23293 1.30272 0.0420424
7.23798 1.30263 0.0419955
7.24304 1.30252 0.0418966
7.2481 1.30245 0.0419701
7.25318 1.3024 0.0418696
7.25826 1.30234 0.0418599
7.26335 1.30227 0.0417413
7.26844 1.30219 0.041738
7.27354 1.3021 0.0416037
7.27865 1.302 0.041635
7.28377 1.30193 0.0415639
7.28889 1.30187 0.041588
7.29402 1.30182 0.0414559
7.29916 1.30172 0.0414149
7.3043 1.30163 0.041348
7.30946 1.30154 0.0413445
7.31461 1.30148 0.0413134
7.31978 1.30143 0.0412635
7.32496 1.30135 0.0411412
7.33014 1.30123 0.0410915
7.33533 1.30114 0.04108
7.34052 1.30107 0.041069
7.34573 1.30101 0.0410237
7.35094 1.30095 0.0409582
7.35615 1.30085 0.0408298
7.36138 1.30075 0.0408535
7.36661 1.30067 0.0407818
7.37185 1.30061 0.040779
7.3771 1.30053 0.0406641
7.38236 1.30044 0.040618
7.38762 1.30034 0.0405534
7.39289 1.30025 0.0405386
7.39817 1.30017 0.0404693
7.40345 1.30008 0.040418
7.40875 1.29999 0.0403543
7.41405 1.29989 0.0403114
7.41936 1.2998 0.0402554
7.42467 1.2997 0.0402276
7.42999 1.29962 0.0401747
7.43533 1.29954 0.0401495
7.44066 1.29947 0.040047
7.44601 1.29935 0.039949
7.45137 1.2992 0.0398917
7.45673 1.29906 0.0399156
7.4621 1.299 0.0399846
7.46747 1.29897 0.0399275
7.47286 1.29891 0.0398455
7.47825 1.29881 0.0397124
7.48365 1.29871 0.0397065
7.48906 1.2986 0.0395585
7.49448 1.29848 0.0396006
7.4999 1.29838 0.039483
7.50533 1.29826 0.0394996
7.51077 1.29814 0.0393887
7.51622 1.29804 0.0394797
7.52168 1.29798 0.039385
7.52714 1.29791 0.0393677
7.53261 1.2978 0.0392117
7.53809 1.29768 0.0392367
7.54358 1.29757 0.039145
7.54907 1.29748 0.0391779
7.55458 1.29739 0.0390571
7.56009 1.2973 0.0390934
7.56561 1.2972 0.0389146
7.57113 1.29708 0.0389606
7.57667 1.29697 0.0388375
7.58221 1.29687 0.0388996
7.58777 1.29678 0.0387438
7.59333 1.29666 0.0387593
7.59889 1.29655 0.0386499
7.60447 1.29643 0.0386456
7.61005 1.29632 0.0385895
7.61565 1.29623 0.0385894
7.62125 1.29614 0.0384985
7.62686 1.29604 0.0384667
7.63248 1.29592 0.0383294
7.6381 1.29579 0.0383452
7.64373 1.29567 0.0382471
7.64938 1.29558 0.0383107
7.65503 1.29548 0.0381161
7.66069 1.29535 0.0381496
7.66635 1.29521 0.0379538
7.67203 1.29506 0.0380598
7.67771 1.29494 0.0379136
7.68341 1.29483 0.0380343
7.68911 1.29474 0.037831
7.69482 1.29461 0.0378829
7.70054 1.29447 0.0377253
7.70626 1.29435 0.0378202
7.712 1.29425 0.0376622
7.71774 1.29414 0.0377098
7.72349 1.294 0.0374879
7.72925 1.29385 0.0376087
7.73502 1.29371 0.0374127
7.7408 1.29359 0.0375964
7.74659 1.2935 0.0373716
7.75238 1.29338 0.0374675
7.75819 1.29324 0.0372098
7.764 1.29308 0.0373447
7.76982 1.29296 0.0371999
7.77565 1.29286 0.0373077
7.78149 1.29276 0.0371124
7.78734 1.29263 0.0371315
7.79319 1.29248 0.0369471
7.79906 1.29231 0.037005
7.80493 1.29217 0.0369098
7.81082 1.29204 0.0369572
7.81671 1.29191 0.0368288
7.82261 1.29179 0.0368685
7.82852 1.29163 0.0366619
7.83444 1.29146 0.036788
7.84036 1.29132 0.0366496
7.8463 1.29121 0.036791
7.85225 1.2911 0.03658
7.8582 1.29097 0.0366511
7.86416 1.29081 0.0364656
7.87014 1.29067 0.0366125
7.87612 1.29058 0.0364893
7.88211 1.29052 0.0365831
7.88811 1.29043 0.0363091
7.89412 1.2903 0.0363134
7.90014 1.29012 0.0360381
7.90616 1.28996 0.0361867
7.9122 1.28983 0.0359249
7.91825 1.28968 0.0359926
7.9243 1.28948 0.0356278
7.93037 1.28924 0.0357453
7.93644 1.28899 0.0355201
7.94252 1.2888 0.035758
7.94861 1.28863 0.0355065
7.95472 1.28843 0.0356596
7.96083 1.28824 0.0354405
7.96695 1.28802 0.0355822
7.97308 1.28783 0.0354764
7.97922 1.28768 0.0356581
7.98536 1.28755 0.0355067
7.99152 1.2874 0.0355996
7.99769 1.28724 0.0354134
8.00387 1.28706 0.0355218
8.01005 1.28689 0.0353897
8.01625 1.28674 0.035518
8.02246 1.28661 0.0353744
8.02867 1.28647 0.0354429
8.0349 1.2863 0.0352144
8.04113 1.28611 0.0353315
8.04738 1.28593 0.0351818
8.05363 1.28578 0.0353306
8.05989 1.28564 0.0351107
8.06617 1.28546 0.0351995
8.07245 1.28526 0.0349801
8.07875 1.28507 0.0351363
8.08505 1.2849 0.0350007
8.09136 1.28477 0.0351374
8.09768 1.28461 0.0348656
8.10402 1.28441 0.0349554
8.11036 1.28418 0.034743
8.11671 1.28399 0.0349891
8.12307 1.28384 0.0347811
8.12945 1.28369 0.0349358
8.13583 1.28351 0.0346257
8.14222 1.28329 0.0347892
8.14862 1.28308 0.0345676
8.15504 1.2829 0.0348103
8.16146 1.28275 0.0345646
8.16789 1.28256 0.0346979
8.17434 1.28237 0.0344621
8.18079 1.28215 0.0345613
8.18725 1.28193 0.0344152
8.19373 1.28174 0.0345739
8.20021 1.28157 0.0344234
8.2067 1.28139 0.0344995
8.21321 1.28118 0.034302
8.21972 1.28096 0.0344232
8.22625 1.28074 0.0342616
8.23278 1.28055 0.034451
8.23933 1.28038 0.0342822
8.24589 1.2802 0.0343904
8.25245 1.28 0.0341674
8.25903 1.27977 0.034279
8.26562 1.27956 0.0341436
8.27222 1.27937 0.0342883
8.27882 1.27918 0.0341208
8.28544 1.27898 0.0341866
8.29207 1.27875 0.0340046
8.29871 1.27851 0.0341329
8.30537 1.2783 0.0340424
8.31203 1.27814 0.0341849
8.3187 1.27794 0.0339493
8.32538 1.27772 0.0340516
8.33208 1.27746 0.0338285
8.33878 1.27723 0.0340682
8.3455 1.27703 0.033901
8.35222 1.27686 0.0340677
8.35896 1.27665 0.033787
8.36571 1.2764 0.0339263
8.37247 1.27615 0.0337426
8.37924 1.27593 0.0339634
8.38602 1.27573 0.033771
8.39281 1.27552 0.0338974
8.39961 1.2753 0.0337152
8.40643 1.27506 0.0338166
8.41325 1.27482 0.0336923
8.42009 1.2746 0.0338073
8.42694 1.27438 0.0336666
8.43379 1.27415 0.0337488
8.44066 1.2739 0.0335839
8.44754 1.27365 0.0337179
8.45444 1.27342 0.0336053
8.46134 1.27319 0.0337202
8.46825 1.27296 0.0335781
8.47518 1.27272 0.0336689
8.48212 1.27249 0.0335626
8.48907 1.27225 0.0336232
8.49603 1.27201 0.0335307
8.503 1.27177 0.0335992
8.50998 1.27153 0.0335063
8.51697 1.27128 0.0335399
8.52398 1.27102 0.0334665
8.531 1.27076 0.033513
8.53803 1.27049 0.0334352
8.54507 1.27025 0.033551
8.55212 1.27001 0.033414
8.55918 1.26976 0.0335209
8.56626 1.26949 0.033355
8.57334 1.26922 0.033518
8.58044 1.26897 0.0333767
8.58755 1.26871 0.033499
8.59468 1.26846 0.0333623
8.60181 1.26818 0.0334355
8.60896 1.26791 0.0333616
8.61611 1.26764 0.0334345
8.62328 1.26738 0.0333851
8.63047 1.26711 0.033428
8.63766 1.26685 0.0333835
8.64487 1.26657 0.0334103
8.65208 1.26631 0.0334019
8.65931 1.26605 0.0334177
8.66656 1.26578 0.0333488
8.67381 1.26548 0.0333514
8.68108 1.26518 0.0333496
8.68835 1.2649 0.0333983
8.69564 1.26465 0.0333981
8.70295 1.26436 0.0333382
8.71026 1.26407 0.0333821
8.71759 1.26376 0.0333211
8.72493 1.26348 0.033439
8.73228 1.26321 0.0333521
8.73965 1.26293 0.0334323
8.74702 1.26264 0.0333293
8.75441 1.26232 0.0333912
8.76182 1.26202 0.0333537
8.76923 1.26173 0.0334499
8.77666 1.26145 0.0333933
8.7841 1.26116 0.0334114
8.79155 1.26085 0.0333565
8.79901 1.26051 0.0333871
8.80649 1.2602 0.0334206
8.81398 1.25992 0.033485
8.82148 1.25964 0.0334463
8.829 1.25934 0.0334418
8.83653 1.25901 0.0333881
8.84407 1.25869 0.0334733
8.85163 1.25837 0.0334177
8.85919 1.25807 0.0335271
8.86677 1.25777 0.0334238
8.87437 1.25745 0.033479
8.88197 1.2571 0.0333943
8.88959 1.25678 0.0335471
8.89722 1.25647 0.0334438
8.90487 1.25616 0.0335666
8.91253 1.25584 0.0334245
8.9202 1.25553 0.0335401
8.92789 1.25515 0.0333099
8.93558 1.25477 0.0335227
8.9433 1.25443 0.0334237
8.95102 1.25413 0.0336227
8.95876 1.2538 0.0333678
8.96651 1.25343 0.0335235
8.97428 1.25304 0.0333299
8.98205 1.25266 0.033588
8.98985 1.25233 0.033438
8.99765 1.25199 0.0336135
9.00547 1.25164 0.0334252
9.0133 1.25124 0.0335181
9.02115 1.25084 0.0334361
9.02901 1.25047 0.0336111
9.03689 1.25014 0.0335412
9.04477 1.24978 0.033584
9.05267 1.24939 0.0334551
9.06059 1.24896 0.0335161
9.06852 1.24855 0.033535
9.07646 1.2482 0.0336608
9.08442 1.24784 0.0335538
9.09239 1.24743 0.0335441
9.10037 1.24698 0.0334663
9.10837 1.24654 0.0335743
9.11639 1.24612 0.0335438
9.12441 1.24572 0.0336834
9.13245 1.24534 0.0335913
9.14051 1.2449 0.0335839
9.14858 1.24441 0.0335211
9.15666 1.24393 0.033635
9.16476 1.2435 0.0336839
9.17287 1.24308 0.0337525
9.181 1.24264 0.0336956
9.18914 1.24218 0.0337862
9.1973 1.24172 0.0337376
9.20547 1.24124 0.0338247
9.21365 1.24078 0.0338733
9.22185 1.24034 0.0339569
9.23007 1.2399 0.03392
9.23829 1.2394 0.0338942
9.24654 1.23888 0.0339804
9.25479 1.23838 0.0340155
9.26307 1.23793 0.0341963
9.27136 1.23746 0.0341106
9.27966 1.237 0.0342563
9.28797 1.23647 0.0340725
9.29631 1.23593 0.0342946
9.30465 1.2354 0.0342305
9.31302 1.23491 0.0344799
9.32139 1.23441 0.0343234
9.32979 1.23387 0.0344959
9.33819 1.23329 0.034358
9.34662 1.2327 0.0346363
9.35505 1.23216 0.0346233
9.36351 1.23163 0.0348603
9.37197 1.23111 0.0348041
9.38046 1.23054 0.0349584
9.38896 1.22995 0.0349361
9.39747 1.22937 0.0351955
9.406 1.22884 0.0352739
9.41455 1.22833 0.0354383
9.42311 1.22778 0.0353885
9.43168 1.22716 0.0355025
9.44028 1.22654 0.0356109
9.44888 1.22596 0.0358221
9.45751 1.22541 0.0359484
9.46615 1.22486 0.0360731
9.4748 1.22428 0.0361224
9.48347 1.22365 0.0362345
9.49216 1.22303 0.036392
9.50086 1.22246 0.0366149
9.50958 1.22192 0.036726
9.51832 1.22135 0.0367818
9.52707 1.22071 0.0368387
9.53583 1.22005 0.0369907
9.54462 1.21942 0.037159
9.55342 1.21882 0.0373515
9.56223 1.21822 0.0374265
9.57106 1.21758 0.0375383
9.57991 1.21691 0.0376159
9.58878 1.21622 0.0378077
9.59766 1.21558 0.0380163
9.60655 1.21493 0.0381209
9.61547 1.21428 0.0382853
9.6244 1.21357 0.0382986
9.63335 1.21284 0.0385424
9.64231 1.2121 0.0386389
9.65129 1.21141 0.0389966
9.66029 1.21071 0.0390334
9.6693 1.21002 0.0393719
9.67833 1.2093 0.0393634
9.68738 1.20856 0.039715
9.69644 1.20782 0.0397586
9.70552 1.20708 0.0401318
9.71462 1.20637 0.0401912
9.72374 1.20561 0.040457
9.73287 1.20483 0.0405452
9.74202 1.20404 0.0408305
9.75119 1.20325 0.0409795
9.76037 1.20245 0.0412337
9.76957 1.20163 0.0413994
9.77879 1.20079 0.0416468
9.78803 1.19996 0.0418812
9.79728 1.19909 0.0420671
9.80656 1.19822 0.0423768
9.81585 1.19732 0.0425538
9.82515 1.19642 0.0428859
9.83448 1.19548 0.0430565
9.84382 1.19453 0.0434698
9.85318 1.19355 0.043644
9.86256 1.19256 0.0441251
9.87195 1.19155 0.0443726
9.88136 1.19054 0.0449302
9.8908 1.18956 0.0452969
9.90025 1.18856 0.045826
9.90971 1.18759 0.0462931
9.9192 1.18661 0.0468093
9.9287 1.18565 0.0473613
9.93822 1.18468 0.0478634
9.94776 1.18373 0.0484771
9.95732 1.1828 0.0490054
9.9669 1.18188 0.0495806
9.9765 1.18092 0.0500678
9.98611 1.17993 0.0506527
9.99574 1.17896 0.0513055
10.0054 1.17802 0.0519108
10.0151 1.17708 0.0525499
10.0248 1.17611 0.0531085
10.0345 1.17514 0.053813
10.0442 1.17417 0.0544415
10.0539 1.1732 0.0551824
10.0637 1.17227 0.0558971
10.0735 1.17135 0.0565941
10.0833 1.17041 0.0572771
10.0931 1.16944 0.0579863
10.1029 1.16848 0.0587493
10.1128 1.16756 0.0595624
10.1227 1.16666 0.0602963
10.1326 1.16574 0.0610304
10.1425 1.16481 0.0617686
10.1524 1.16383 0.0624959
10.1624 1.16287 0.063379
10.1724 1.16195 0.0641725
10.1824 1.16108 0.0650806
10.1924 1.16016 0.0656641
10.2024 1.15916 0.0665034
10.2125 1.15812 0.0672027
10.2225 1.15712 0.0682799
10.2326 1.15617 0.0690505
10.2427 1.15521 0.0699862
10.2529 1.1542 0.0707164
10.263 1.15311 0.0716501
10.2732 1.15206 0.0726557
10.2834 1.15102 0.0736446
10.2936 1.15006 0.0747715
10.3039 1.14907 0.0756033
10.3141 1.14802 0.0766854
10.3244 1.14691 0.0775608
10.3347 1.14582 0.0789111
10.345 1.14482 0.0799898
10.3553 1.14385 0.0812887
10.3657 1.14287 0.0823098
10.3761 1.14183 0.0835486
10.3865 1.1408 0.0847414
10.3969 1.13978 0.0861117
10.4073 1.13886 0.0875101
10.4178 1.13797 0.0887592
10.4283 1.13705 0.0900613
10.4388 1.13607 0.0912784
10.4493 1.1351 0.0927816
10.4599 1.13419 0.0942192
10.4704 1.13337 0.0957827
10.481 1.13256 0.0970977
10.4916 1.13171 0.0985565
10.5023 1.13081 0.0998964
10.5129 1.12994 0.101598
10.5236 1.12919 0.103164
10.5343 1.12851 0.104792
10.545 1.1278 0.106153
10.5557 1.12701 0.107673
10.5665 1.12622 0.109239
10.5773 1.12547 0.110932
10.5881 1.12485 0.112718
10.5989 1.12424 0.114185
10.6098 1.12362 0.115899
10.6207 1.12294 0.117287
10.6316 1.12225 0.119209
10.6425 1.12168 0.120849
10.6534 1.12116 0.12275
10.6644 1.12072 0.124342
10.6754 1.12019 0.125963
10.6864 1.11965 0.12766
10.6974 1.11909 0.129374
10.7085 1.11868 0.131421
10.7195 1.11832 0.132989
10.7306 1.11795 0.134831
10.7418 1.11753 0.136344
10.7529 1.11708 0.138246
10.7641 1.11671 0.140035
10.7753 1.1164 0.141924
10.7865 1.11618 0.143765
10.7977 1.11593 0.145384
10.809 1.11562 0.147154
10.8203 1.11528 0.148858
10.8316 1.115 0.15086
10.8429 1.11485 0.15274
10.8543 1.11472 0.154508
10.8657 1.11455 0.156197
10.8771 1.11431 0.157949
10.8885 1.11408 0.159865
10.8999 1.11398 0.161859
10.9114 1.11396 0.163714
10.9229 1.11396 0.16555
10.9344 1.11389 0.167158
10.946 1.11378 0.169066
10.9576 1.11372 0.170876
10.9692 1.11373 0.172886
10.9808 1.11383 0.174709
10.9924 1.11387 0.17637
11.0041 1.11389 0.178259
11.0158 1.11386 0.179893
11.0275 1.1139 0.182067
11.0393 1.11404 0.183783
11.0511 1.11422 0.185815
11.0629 1.1144 0.187397
11.0747 1.11447 0.189222
11.0865 1.11458 0.191105
11.0984 1.11473 0.192974
11.1103 1.11503 0.195043
11.1222 1.11529 0.196542
11.1342 1.11549 0.198507
11.1461 1.11567 0.200098
11.1581 1.11586 0.202164
11.1702 1.11617 0.203972
11.1822 1.11649 0.205867
11.1943 1.11686 0.207675
11.2064 1.11715 0.209311
11.2185 1.11743 0.211233
11.2307 1.11774 0.212997
11.2429 1.11814 0.215038
11.2551 1.1186 0.216706
11.2673 1.11897 0.218445
11.2796 1.11933 0.220237
11.2919 1.11972 0.22206
11.3042 1.12015 0.223897
11.3166 1.12058 0.225675
11.3289 1.12103 0.227509
11.3413 1.12152 0.22932
11.3538 1.12196 0.230997
11.3662 1.12241 0.232912
11.3787 1.12291 0.234729
11.3912 1.12349 0.236662
11.4037 1.12409 0.238328
11.4163 1.12458 0.240023
11.4289 1.12512 0.241966
11.4415 1.12568 0.243638
11.4542 1.1263 0.245667
11.4668 1.12693 0.247238
11.4795 1.12755 0.249191
11.4923 1.12817 0.250772
11.505 1.12873 0.252658
11.5178 1.1294 0.254602
11.5306 1.13015 0.256439
11.5435 1.13102 0.258381
11.5563 1.13176 0.259637
11.5692 1.13238 0.261598
11.5822 1.13304 0.263176
11.5951 1.13376 0.265266
11.6081 1.13461 0.266953
11.6211 1.13538 0.268687
11.6342 1.13621 0.270527
11.6473 1.13698 0.272058
11.6604 1.13778 0.274097
11.6735 1.13863 0.275702
11.6867 1.13956 0.277738
11.6999 1.14052 0.279218
11.7131 1.14137 0.280964
11.7263 1.14226 0.282656
11.7396 1.14313 0.28437
11.7529 1.14409 0.286263
11.7663 1.14507 0.287839
11.7797 1.14603 0.289627
11.7931 1.14698 0.291188
11.8065 1.14793 0.293001
11.82 1.14896 0.294736
11.8335 1.14999 0.29638
11.847 1.15104 0.298099
11.8606 1.15206 0.299655
11.8741 1.15305 0.30138
11.8878 1.15409 0.303073
11.9014 1.15515 0.304778
11.9151 1.15629 0.306574
11.9288 1.15739 0.308053
11.9426 1.15846 0.309815
11.9563 1.15957 0.311469
11.9702 1.16071 0.313254
11.984 1.16198 0.31502
11.9979 1.1632 0.316488
12.0118 1.16444 0.318287
12.0257 1.16561 0.319553
12.0397 1.16677 0.321537
12.0537 1.16806 0.323043
12.0677 1.16936 0.324847
12.0818 1.17076 0.326377
12.0959 1.17199 0.327689
12.11 1.17325 0.329507
12.1242 1.17448 0.33082
12.1384 1.1758 0.332893
12.1526 1.17723 0.334228
12.1669 1.17861 0.33598
12.1812 1.18 0.33736
12.1956 1.18131 0.338984
12.2099 1.1828 0.340816
12.2243 1.1843 0.34219
12.2388 1.18589 0.344023
12.2532 1.18743 0.345053
12.2677 1.18885 0.346758
12.2823 1.19035 0.348092
12.2969 1.19185 0.349752
12.3115 1.1935 0.351256
12.3261 1.19508 0.352491
12.3408 1.19667 0.354038
12.3555 1.19817 0.35507
12.3703 1.19965 0.356756
12.385 1.20124 0.358073
12.3999 1.20285 0.359591
12.4147 1.20454 0.360888
12.4296 1.20607 0.361973
12.4445 1.20754 0.363428
12.4595 1.20904 0.364758
12.4745 1.21064 0.366426
12.4895 1.21238 0.367797
12.5046 1.21406 0.369063
12.5197 1.2157 0.370368
12.5348 1.21727 0.371634
12.55 1.21893 0.373292
12.5652 1.22074 0.374643
12.5805 1.22253 0.375946
12.5958 1.2243 0.377218
12.6111 1.22595 0.378316
12.6265 1.22764 0.37993
12.6419 1.22939 0.381132
12.6573 1.2312 0.382812
12.6728 1.2332 0.384205
12.6883 1.23515 0.38535
12.7039 1.23702 0.386631
12.7195 1.23884 0.387877
12.7351 1.24094 0.389744
12.7508 1.24312 0.390588
12.7665 1.2452 0.391956
12.7822 1.24731 0.392905
12.798 1.24932 0.394
12.8138 1.25139 0.395202
12.8297 1.25337 0.396091
12.8456 1.25557 0.397796
12.8616 1.25785 0.398383
12.8775 1.26 0.399551
12.8936 1.2621 0.400177
12.9096 1.26411 0.401304
12.9257 1.26632 0.402427
12.9419 1.26844 0.403098
12.9581 1.27068 0.404481
12.9743 1.2729 0.404829
12.9905 1.27502 0.406032
13.0068 1.27718 0.406563
13.0232 1.27928 0.40767
13.0396 1.28163 0.408704
13.056 1.28389 0.409154
13.0725 1.28616 0.410216
13.089 1.28836 0.410467
13.1055 1.29054 0.411651
13.1221 1.29288 0.412179
13.1388 1.29521 0.412946
13.1555 1.29757 0.413359
13.1722 1.29954 0.413341
13.1889 1.30139 0.414334
13.2057 1.30341 0.415123
13.2226 1.3057 0.416484
13.2395 1.30826 0.417172
13.2564 1.31074 0.417739
13.2734 1.31321 0.418265
13.2904 1.31549 0.418445
13.3075 1.31777 0.419292
13.3246 1.32019 0.419765
13.3418 1.32266 0.420374
13.359 1.32517 0.420681
13.3762 1.3275 0.420808
13.3935 1.32983 0.421358
13.4108 1.33215 0.421535
13.4282 1.33449 0.422143
13.4456 1.337 0.422545
13.4631 1.33944 0.422638
13.4806 1.34183 0.422956
13.4982 1.34415 0.423007
13.5158 1.34658 0.423651
13.5334 1.34908 0.423567
13.5511 1.35143 0.423761
13.5689 1.35386 0.424014
13.5867 1.35621 0.423916
13.6045 1.35867 0.424474
13.6224 1.36111 0.424099
13.6403 1.3635 0.424585
13.6583 1.36605 0.424465
13.6763 1.36845 0.424374
13.6944 1.37092 0.42455
13.7125 1.3733 0.424147
13.7307 1.37577 0.424621
13.7489 1.37824 0.423972
13.7672 1.38064 0.424279
13.7855 1.38315 0.423862
13.8038 1.38546 0.423599
13.8223 1.38796 0.423803
13.8407 1.39033 0.42296
13.8592 1.39272 0.423354
13.8778 1.39514 0.422506
13.8964 1.39744 0.422642
13.9151 1.39991 0.422226
13.9338 1.40222 0.421815
13.9525 1.40473 0.421929
13.9713 1.40715 0.421008
13.9902 1.40962 0.421215
14.0091 1.41211 0.420129
14.0281 1.41439 0.419897
14.0471 1.41682 0.41935
14.0662 1.41905 0.418576
14.0853 1.42147 0.418657
14.1045 1.4239 0.417516
14.1237 1.42627 0.417382
14.143 1.42864 0.416237
14.1623 1.43084 0.415775
14.1817 1.43322 0.415233
14.2011 1.43547 0.414209
14.2206 1.43784 0.414029
14.2401 1.44018 0.41266
14.2597 1.44238 0.412213
14.2794 1.44463 0.411096
14.2991 1.44673 0.410373
14.3188 1.44902 0.409781
14.3386 1.45119 0.408547
14.3585 1.45342 0.408157
14.3784 1.45564 0.40675
14.3984 1.45775 0.406177
14.4184 1.45998 0.405068
14.4385 1.46206 0.40403
14.4587 1.46429 0.403337
14.4789 1.46639 0.401794
14.4991 1.46849 0.401195
14.5195 1.47057 0.399586
14.5398 1.47243 0.398668
14.5603 1.47448 0.397731
14.5807 1.47643 0.396418
14.6013 1.47852 0.395786
14.6219 1.48059 0.39411
14.6426 1.48248 0.393103
14.6633 1.48441 0.391769
14.6841 1.48615 0.390437
14.7049 1.48822 0.389982
14.7258 1.49024 0.387857
14.7467 1.49186 0.386747
14.7678 1.49367 0.385636
14.7888 1.49548 0.384263
14.81 1.49716 0.382963
14.8312 1.49894 0.382055
14.8524 1.50103 0.381057
14.8737 1.50307 0.379331
14.8951 1.50488 0.377896
14.9166 1.50781 0.377886
14.9381 1.51033 0.372666
14.9596 1.51018 0.368038
14.9813 1.50823 0.36562
15.0029 1.50768 0.369259
15.0247 1.51058 0.371634
15.0465 1.51348 0.368592
15.0684 1.51509 0.367353
15.0903 1.51671 0.366094
15.1123 1.51865 0.365423
15.1344 1.52041 0.363109
15.1565 1.5218 0.361977
15.1787 1.5235 0.360825
15.201 1.52505 0.358857
15.2233 1.52642 0.357612
15.2457 1.52804 0.356307
15.2682 1.52949 0.354299
15.2907 1.53075 0.352843
15.3133 1.53198 0.351136
15.336 1.53323 0.349841
15.3587 1.53438 0.347952
15.3815 1.53548 0.346818
15.4044 1.5367 0.345259
15.4273 1.5378 0.343737
15.4503 1.53887 0.342382
15.4734 1.53991 0.340927
15.4965 1.54115 0.340047
15.5197 1.54245 0.338293
15.543 1.54356 0.336875
15.5664 1.54484 0.335637
15.5898 1.54597 0.333611
15.6133 1.54701 0.332394
15.6368 1.54803 0.330511
15.6605 1.54896 0.329185
15.6842 1.55001 0.327667
15.7079 1.55089 0.325808
15.7318 1.5517 0.324468
15.7557 1.55244 0.322691
15.7797 1.55321 0.321595
15.8038 1.55404 0.319927
15.8279 1.55464 0.318397
15.8521 1.55535 0.317361
15.8764 1.55605 0.315786
15.9008 1.55673 0.314768
15.9252 1.55751 0.313481
15.9497 1.55828 0.312316
15.9743 1.55919 0.311271
15.999 1.56008 0.309763
16.0237 1.56094 0.308613
16.0485 1.56173 0.306994
16.0734 1.56244 0.305811
16.0984 1.56328 0.304591
16.1234 1.56403 0.303028
16.1485 1.56479 0.30195
16.1737 1.5656 0.300371
16.199 1.56623 0.298891
16.2244 1.56679 0.297518
16.2498 1.56728 0.296169
16.2754 1.56796 0.295328
16.301 1.56867 0.293736
16.3266 1.56926 0.292586
16.3524 1.56991 0.291268
16.3782 1.57043 0.289852
16.4042 1.57105 0.288957
16.4302 1.57164 0.28733
16.4563 1.57214 0.286369
16.4824 1.57284 0.28527
16.5087 1.57346 0.283772
16.535 1.57403 0.282658
16.5615 1.57451 0.28113
16.588 1.57501 0.280275
16.6146 1.57567 0.278988
16.6413 1.57615 0.277532
16.668 1.57671 0.276612
16.6949 1.57715 0.274844
16.7218 1.57753 0.274091
16.7488 1.57804 0.272683
16.776 1.57838 0.271497
16.8032 1.57892 0.270682
16.8305 1.57939 0.269091
16.8578 1.57976 0.268152
16.8853 1.58012 0.266769
16.9129 1.58047 0.265922
16.9405 1.58104 0.264962
16.9682 1.58144 0.263366
16.9961 1.58176 0.262555
17.024 1.58212 0.261165
17.052 1.58239 0.260234
17.0801 1.58278 0.25923
17.1083 1.58302 0.257879
17.1366 1.58331 0.257267
17.165 1.58367 0.25602
17.1935 1.58392 0.255135
17.222 1.58424 0.254265
17.2507 1.58455 0.253324
17.2795 1.58506 0.252813
17.3083 1.58553 0.251364
17.3373 1.58574 0.250469
17.3664 1.58608 0.249729
17.3955 1.58649 0.24886
17.4248 1.58698 0.24808
17.4541 1.58739 0.246886
17.4836 1.58773 0.246109
17.5131 1.58809 0.245106
17.5428 1.58838 0.244234
17.5725 1.5888 0.243627
17.6023 1.58928 0.242678
17.6323 1.5898 0.241936
17.6624 1.59024 0.240637
17.6925 1.59042 0.239636
17.7228 1.59063 0.238954
17.7531 1.59099 0.238337
17.7836 1.59147 0.237627
17.8142 1.59181 0.236566
17.8448 1.59219 0.236166
17.8756 1.59271 0.235293
17.9065 1.59314 0.234512
17.9375 1.59365 0.233898
17.9686 1.59414 0.232933
17.9998 1.59463 0.232331
18.0311 1.59518 0.231468
18.0626 1.59568 0.230639
18.0941 1.59623 0.229905
18.1258 1.59669 0.228755
18.1575 1.597 0.228023
18.1894 1.59744 0.227413
18.2214 1.5979 0.226596
18.2535 1.59845 0.226122
18.2857 1.5991 0.22528
18.318 1.59958 0.224249
18.3504 1.60003 0.223684
18.383 1.60059 0.222945
18.4157 1.60123 0.222349
18.4484 1.60195 0.221494
18.4814 1.60244 0.220267
18.5144 1.6029 0.219772
18.5475 1.60349 0.218914
18.5808 1.60401 0.218089
18.6141 1.60467 0.2176
18.6476 1.60528 0.216419
18.6813 1.60585 0.215911
18.715 1.60656 0.214964
18.7489 1.60706 0.213859
18.7828 1.60756 0.213278
18.8169 1.60809 0.212351
18.8512 1.6087 0.211913
18.8855 1.60951 0.211165
18.92 1.61021 0.2101
18.9546 1.61089 0.20939
18.9893 1.6116 0.208354
19.0242 1.61219 0.207379
19.0592 1.61274 0.206532
19.0943 1.61343 0.205921
19.1296 1.61426 0.205055
19.1649 1.61503 0.203956
19.2005 1.61571 0.202952
19.2361 1.6164 0.201959
19.2719 1.61712 0.20097
19.3078 1.61776 0.199744
19.3438 1.61832 0.198729
19.38 1.61898 0.197877
19.4163 1.61982 0.196915
19.4528 1.62063 0.195461
19.4893 1.62121 0.193957
19.5261 1.62171 0.192573
19.5629 1.622 0.190772
19.5999 1.62198 0.189254
19.6371 1.62173 0.187832
19.6744 1.62137 0.186894
19.7118 1.62112 0.186301
19.7493 1.62095 0.185691
19.7871 1.62083 0.185317
19.8249 1.62088 0.185197
19.8629 1.62109 0.184998
19.9011 1.62156 0.1851
19.9393 1.6222 0.184687
19.9778 1.62272 0.184134
20.0164 1.62321 0.183856
20.0551 1.62373 0.183438
20.094 1.62432 0.183315
20.133 1.62498 0.182964
20.1722 1.62568 0.182858
20.2116 1.62678 0.183051
20.2511 1.62782 0.181942
20.2907 1.62844 0.181363
20.3305 1.62901 0.181011
20.3705 1.62974 0.181063
20.4106 1.63063 0.180947
20.4509 1.63164 0.181057
20.4913 1.63289 0.181109
20.5319 1.63416 0.180859
20.5727 1.6356 0.18107
20.6136 1.63718 0.180657
20.6547 1.6387 0.180317
20.696 1.64004 0.179684
20.7374 1.64141 0.179851
20.779 1.64301 0.179801
20.8207 1.64492 0.18023
20.8626 1.6472 0.18017
20.9047 1.64938 0.179574
20.947 1.65159 0.179664
20.9894 1.65423 0.179635
21.032 1.65684 0.178808
21.0748 1.65945 0.17873
21.1177 1.66237 0.178452
21.1608 1.66574 0.178581
21.2041 1.66955 0.177981
21.2476 1.67359 0.177278
21.2913 1.67792 0.176229
21.3351 1.68261 0.175004
21.3791 1.68776 0.173291
21.4233 1.69342 0.170907
21.4677 1.69904 0.166562
21.5123 1.70391 0.161276
21.557 1.70769 0.155173
21.602 1.71085 0.150239
21.6471 1.71363 0.144514
21.6924 1.71587 0.139521
21.7379 1.71793 0.134814
21.7836 1.72017 0.131064
21.8295 1.723 0.127437
21.8756 1.7259 0.123085
21.9218 1.72941 0.120834
21.9683 1.73486 0.119206
22.015 1.74411 0.11935
22.0619 1.76013 0.118285
22.1089 1.79488 0.117991
